<?xml version="1.0" encoding="UTF-8"?>
<export version="E">
  <design>
    <source>/Users/farhan/GithubProjects/embedded-project-website/final-project/Obstacle_detector/Obstacle_detector.kicad_sch</source>
    <date>2025-05-04T21:02:46-0500</date>
    <tool>Eeschema 8.0.8</tool>
    <sheet number="1" name="/" tstamps="/">
      <title_block>
        <title/>
        <company/>
        <rev/>
        <date/>
        <source>Obstacle_detector.kicad_sch</source>
        <comment number="1" value=""/>
        <comment number="2" value=""/>
        <comment number="3" value=""/>
        <comment number="4" value=""/>
        <comment number="5" value=""/>
        <comment number="6" value=""/>
        <comment number="7" value=""/>
        <comment number="8" value=""/>
        <comment number="9" value=""/>
      </title_block>
    </sheet>
  </design>
  <components>
    <comp ref="R1">
      <value>4.7kΩ</value>
      <footprint>Resistor_THT:R_Axial_DIN0204_L3.6mm_D1.6mm_P5.08mm_Horizontal</footprint>
      <description>Resistor</description>
      <fields>
        <field name="Footprint">Resistor_THT:R_Axial_DIN0204_L3.6mm_D1.6mm_P5.08mm_Horizontal</field>
        <field name="Datasheet"/>
        <field name="Description">Resistor</field>
      </fields>
      <libsource lib="Device" part="R" description="Resistor"/>
      <property name="Sheetname" value="Root"/>
      <property name="Sheetfile" value="Obstacle_detector.kicad_sch"/>
      <property name="ki_keywords" value="R res resistor"/>
      <property name="ki_fp_filters" value="R_*"/>
      <sheetpath names="/" tstamps="/"/>
      <tstamps>22d6b676-7580-490a-8b9c-215609be487a</tstamps>
    </comp>
    <comp ref="R2">
      <value>4.7kΩ</value>
      <footprint>Resistor_THT:R_Axial_DIN0204_L3.6mm_D1.6mm_P5.08mm_Horizontal</footprint>
      <description>Resistor</description>
      <fields>
        <field name="Footprint">Resistor_THT:R_Axial_DIN0204_L3.6mm_D1.6mm_P5.08mm_Horizontal</field>
        <field name="Datasheet"/>
        <field name="Description">Resistor</field>
      </fields>
      <libsource lib="Device" part="R" description="Resistor"/>
      <property name="Sheetname" value="Root"/>
      <property name="Sheetfile" value="Obstacle_detector.kicad_sch"/>
      <property name="ki_keywords" value="R res resistor"/>
      <property name="ki_fp_filters" value="R_*"/>
      <sheetpath names="/" tstamps="/"/>
      <tstamps>08388425-ffcb-4222-b057-d33f68682edf</tstamps>
    </comp>
    <comp ref="R3">
      <value>4.7kΩ</value>
      <footprint>Resistor_THT:R_Axial_DIN0204_L3.6mm_D1.6mm_P5.08mm_Horizontal</footprint>
      <description>Resistor</description>
      <fields>
        <field name="Footprint">Resistor_THT:R_Axial_DIN0204_L3.6mm_D1.6mm_P5.08mm_Horizontal</field>
        <field name="Datasheet"/>
        <field name="Description">Resistor</field>
      </fields>
      <libsource lib="Device" part="R" description="Resistor"/>
      <property name="Sheetname" value="Root"/>
      <property name="Sheetfile" value="Obstacle_detector.kicad_sch"/>
      <property name="ki_keywords" value="R res resistor"/>
      <property name="ki_fp_filters" value="R_*"/>
      <sheetpath names="/" tstamps="/"/>
      <tstamps>b0b03756-fe59-455e-960e-65af1e4ec3de</tstamps>
    </comp>
    <comp ref="R4">
      <value>4.7kΩ</value>
      <footprint>Resistor_THT:R_Axial_DIN0204_L3.6mm_D1.6mm_P5.08mm_Horizontal</footprint>
      <description>Resistor</description>
      <fields>
        <field name="Footprint">Resistor_THT:R_Axial_DIN0204_L3.6mm_D1.6mm_P5.08mm_Horizontal</field>
        <field name="Datasheet"/>
        <field name="Description">Resistor</field>
      </fields>
      <libsource lib="Device" part="R" description="Resistor"/>
      <property name="Sheetname" value="Root"/>
      <property name="Sheetfile" value="Obstacle_detector.kicad_sch"/>
      <property name="ki_keywords" value="R res resistor"/>
      <property name="ki_fp_filters" value="R_*"/>
      <sheetpath names="/" tstamps="/"/>
      <tstamps>cf14d0a4-a78d-49c2-918c-23b52897d574</tstamps>
    </comp>
    <comp ref="R5">
      <value>4.7kΩ</value>
      <footprint>Resistor_THT:R_Axial_DIN0204_L3.6mm_D1.6mm_P5.08mm_Horizontal</footprint>
      <description>Resistor</description>
      <fields>
        <field name="Footprint">Resistor_THT:R_Axial_DIN0204_L3.6mm_D1.6mm_P5.08mm_Horizontal</field>
        <field name="Datasheet"/>
        <field name="Description">Resistor</field>
      </fields>
      <libsource lib="Device" part="R" description="Resistor"/>
      <property name="Sheetname" value="Root"/>
      <property name="Sheetfile" value="Obstacle_detector.kicad_sch"/>
      <property name="ki_keywords" value="R res resistor"/>
      <property name="ki_fp_filters" value="R_*"/>
      <sheetpath names="/" tstamps="/"/>
      <tstamps>1885e5b9-168b-449f-87dd-c066aa2875dd</tstamps>
    </comp>
    <comp ref="R6">
      <value>4.7kΩ</value>
      <footprint>Resistor_THT:R_Axial_DIN0204_L3.6mm_D1.6mm_P5.08mm_Horizontal</footprint>
      <description>Resistor</description>
      <fields>
        <field name="Footprint">Resistor_THT:R_Axial_DIN0204_L3.6mm_D1.6mm_P5.08mm_Horizontal</field>
        <field name="Datasheet"/>
        <field name="Description">Resistor</field>
      </fields>
      <libsource lib="Device" part="R" description="Resistor"/>
      <property name="Sheetname" value="Root"/>
      <property name="Sheetfile" value="Obstacle_detector.kicad_sch"/>
      <property name="ki_keywords" value="R res resistor"/>
      <property name="ki_fp_filters" value="R_*"/>
      <sheetpath names="/" tstamps="/"/>
      <tstamps>42ddf014-b8c6-4b31-bf94-1b27dbf55826</tstamps>
    </comp>
    <comp ref="R7">
      <value>4.7kΩ</value>
      <footprint>Resistor_THT:R_Axial_DIN0204_L3.6mm_D1.6mm_P5.08mm_Horizontal</footprint>
      <description>Resistor</description>
      <fields>
        <field name="Footprint">Resistor_THT:R_Axial_DIN0204_L3.6mm_D1.6mm_P5.08mm_Horizontal</field>
        <field name="Datasheet"/>
        <field name="Description">Resistor</field>
      </fields>
      <libsource lib="Device" part="R" description="Resistor"/>
      <property name="Sheetname" value="Root"/>
      <property name="Sheetfile" value="Obstacle_detector.kicad_sch"/>
      <property name="ki_keywords" value="R res resistor"/>
      <property name="ki_fp_filters" value="R_*"/>
      <sheetpath names="/" tstamps="/"/>
      <tstamps>4e064e32-2bd9-45ae-9f42-73e66086a6a1</tstamps>
    </comp>
    <comp ref="U1">
      <value>SeeeduinoXIAO</value>
      <footprint>SeeedStudio XIAO:Seeeduino_XIAO-MOUDLE14P-2.54-21X17.8MM</footprint>
      <fields>
        <field name="Footprint">SeeedStudio XIAO:Seeeduino_XIAO-MOUDLE14P-2.54-21X17.8MM</field>
        <field name="Datasheet"/>
        <field name="Description"/>
      </fields>
      <libsource lib="Seeeduino XIAO" part="SeeeduinoXIAO" description=""/>
      <property name="Sheetname" value="Root"/>
      <property name="Sheetfile" value="Obstacle_detector.kicad_sch"/>
      <sheetpath names="/" tstamps="/"/>
      <tstamps>43fa520a-d09d-43e3-b4dc-772e78c720de</tstamps>
    </comp>
    <comp ref="U2">
      <value>VL53L8CXV0GC/1</value>
      <footprint>VL53L8CX:IC17_LGA16_STM</footprint>
      <datasheet>VL53L8CXV0GC/1</datasheet>
      <fields>
        <field name="Footprint">VL53L8CX:IC17_LGA16_STM</field>
        <field name="Datasheet">VL53L8CXV0GC/1</field>
        <field name="Description"/>
      </fields>
      <libsource lib="" part="VL53L8CXV0GC_1_1" description=""/>
      <property name="Sheetname" value="Root"/>
      <property name="Sheetfile" value="Obstacle_detector.kicad_sch"/>
      <property name="ki_keywords" value="VL53L8CXV0GC/1"/>
      <property name="ki_fp_filters" value="IC17_LGA16_STM"/>
      <sheetpath names="/" tstamps="/"/>
      <tstamps>ed849d22-ad40-4ef6-a6a5-e78c8ca1fcd4</tstamps>
    </comp>
    <comp ref="U3">
      <value>TCA9544A</value>
      <footprint>Package_SO:TSSOP-20_4.4x6.5mm_P0.65mm</footprint>
      <datasheet>http://www.ti.com/lit/ds/symlink/tca9544a.pdf</datasheet>
      <description>I2C Hub, 4 Channels, Interrupts, TSSOP-20</description>
      <fields>
        <field name="Footprint">Package_SO:TSSOP-20_4.4x6.5mm_P0.65mm</field>
        <field name="Datasheet">http://www.ti.com/lit/ds/symlink/tca9544a.pdf</field>
        <field name="Description">I2C Hub, 4 Channels, Interrupts, TSSOP-20</field>
      </fields>
      <libsource lib="Interface_Expansion" part="TCA9544A" description="I2C Hub, 4 Channels, Interrupts, TSSOP-20"/>
      <property name="Sheetname" value="Root"/>
      <property name="Sheetfile" value="Obstacle_detector.kicad_sch"/>
      <property name="ki_keywords" value="I2C Hub"/>
      <property name="ki_fp_filters" value="TSSOP*4.4x6.5mm*P0.65mm*"/>
      <sheetpath names="/" tstamps="/"/>
      <tstamps>c6554d62-4407-4a0c-9b1b-febe7321f8c2</tstamps>
    </comp>
    <comp ref="U4">
      <value>VL53L8CXV0GC/1</value>
      <footprint>VL53L8CX:IC17_LGA16_STM</footprint>
      <datasheet>VL53L8CXV0GC/1</datasheet>
      <fields>
        <field name="Footprint">VL53L8CX:IC17_LGA16_STM</field>
        <field name="Datasheet">VL53L8CXV0GC/1</field>
        <field name="Description"/>
      </fields>
      <libsource lib="VL53L8CX" part="VL53L8CXV0GC_1" description=""/>
      <property name="Sheetname" value="Root"/>
      <property name="Sheetfile" value="Obstacle_detector.kicad_sch"/>
      <property name="ki_keywords" value="VL53L8CXV0GC/1"/>
      <property name="ki_fp_filters" value="IC17_LGA16_STM"/>
      <sheetpath names="/" tstamps="/"/>
      <tstamps>bc520d5f-6369-4d91-9c01-99de45dadbfa</tstamps>
    </comp>
    <comp ref="U5">
      <value>TLV73318PDBV</value>
      <footprint>Package_TO_SOT_SMD:SOT-23-5</footprint>
      <datasheet>http://www.ti.com/lit/ds/symlink/tlv733p.pdf</datasheet>
      <description>300mA Capacitor-Free Low Dropout Voltage Regulator, Fixed Output 1.8V, SOT-23-5</description>
      <fields>
        <field name="Footprint">Package_TO_SOT_SMD:SOT-23-5</field>
        <field name="Datasheet">http://www.ti.com/lit/ds/symlink/tlv733p.pdf</field>
        <field name="Description">300mA Capacitor-Free Low Dropout Voltage Regulator, Fixed Output 1.8V, SOT-23-5</field>
      </fields>
      <libsource lib="Regulator_Linear" part="TLV73318PDBV" description="300mA Capacitor-Free Low Dropout Voltage Regulator, Fixed Output 1.8V, SOT-23-5"/>
      <property name="Sheetname" value="Root"/>
      <property name="Sheetfile" value="Obstacle_detector.kicad_sch"/>
      <property name="ki_keywords" value="300mA LDO Regulator Fixed Positive Capacitor-Free"/>
      <property name="ki_fp_filters" value="SOT?23*"/>
      <sheetpath names="/" tstamps="/"/>
      <tstamps>8ce37fac-953d-4165-8fd9-bcc13c485988</tstamps>
    </comp>
  </components>
  <libparts>
    <libpart lib="" part="VL53L8CXV0GC_1_1">
      <docs>VL53L8CXV0GC/1</docs>
      <footprints>
        <fp>IC17_LGA16_STM</fp>
      </footprints>
      <fields>
        <field name="Reference">U2</field>
        <field name="Value">VL53L8CXV0GC/1</field>
        <field name="Footprint">Sensor_Distance:ST_VL53L1x</field>
        <field name="Datasheet">VL53L8CXV0GC/1</field>
        <field name="Description"/>
      </fields>
      <pins>
        <pin num="A1" name="INT" type="bidirectional"/>
        <pin num="A2" name="LPN" type="input"/>
        <pin num="A3" name="IOVDD" type="power_in"/>
        <pin num="A4" name="SDA/MOSI" type="bidirectional"/>
        <pin num="A5" name="SCL/MCLK" type="input"/>
        <pin num="A6" name="RSVD1" type="unspecified"/>
        <pin num="A7" name="RSVD2" type="unspecified"/>
        <pin num="B1" name="SYNC" type="bidirectional"/>
        <pin num="B4" name="THERMALPAD" type="power_out"/>
        <pin num="B7" name="CORE_1V8" type="power_in"/>
        <pin num="C1" name="SPI_I2C_N" type="input"/>
        <pin num="C2" name="NCS" type="input"/>
        <pin num="C3" name="GND" type="input"/>
        <pin num="C4" name="AVDD" type="power_in"/>
        <pin num="C5" name="MISO" type="output"/>
        <pin num="C6" name="RSVD3" type="unspecified"/>
        <pin num="C7" name="GROUND" type="power_out"/>
      </pins>
    </libpart>
    <libpart lib="Device" part="R">
      <description>Resistor</description>
      <docs>~</docs>
      <footprints>
        <fp>R_*</fp>
      </footprints>
      <fields>
        <field name="Reference">R</field>
        <field name="Value">R</field>
        <field name="Footprint"/>
        <field name="Datasheet">~</field>
        <field name="Description">Resistor</field>
      </fields>
      <pins>
        <pin num="1" name="" type="passive"/>
        <pin num="2" name="" type="passive"/>
      </pins>
    </libpart>
    <libpart lib="Interface_Expansion" part="TCA9544A">
      <description>I2C Hub, 4 Channels, Interrupts, TSSOP-20</description>
      <docs>http://www.ti.com/lit/ds/symlink/tca9544a.pdf</docs>
      <footprints>
        <fp>TSSOP*4.4x6.5mm*P0.65mm*</fp>
      </footprints>
      <fields>
        <field name="Reference">U</field>
        <field name="Value">TCA9544A</field>
        <field name="Footprint">Package_SO:TSSOP-20_4.4x6.5mm_P0.65mm</field>
        <field name="Datasheet">http://www.ti.com/lit/ds/symlink/tca9544a.pdf</field>
        <field name="Description">I2C Hub, 4 Channels, Interrupts, TSSOP-20</field>
      </fields>
      <pins>
        <pin num="1" name="A0" type="input"/>
        <pin num="2" name="A1" type="input"/>
        <pin num="3" name="A2" type="input"/>
        <pin num="4" name="~{INT0}" type="input"/>
        <pin num="5" name="SD0" type="bidirectional"/>
        <pin num="6" name="SC0" type="bidirectional"/>
        <pin num="7" name="~{INT1}" type="input"/>
        <pin num="8" name="SD1" type="bidirectional"/>
        <pin num="9" name="SC1" type="bidirectional"/>
        <pin num="10" name="GND" type="power_in"/>
        <pin num="11" name="~{INT2}" type="input"/>
        <pin num="12" name="SD2" type="bidirectional"/>
        <pin num="13" name="SC2" type="bidirectional"/>
        <pin num="14" name="~{INT3}" type="input"/>
        <pin num="15" name="SD3" type="bidirectional"/>
        <pin num="16" name="SC3" type="bidirectional"/>
        <pin num="17" name="~{INT}" type="open_collector"/>
        <pin num="18" name="SCL" type="bidirectional"/>
        <pin num="19" name="SDA" type="bidirectional"/>
        <pin num="20" name="VCC" type="power_in"/>
      </pins>
    </libpart>
    <libpart lib="Regulator_Linear" part="TLV73318PDBV">
      <description>300mA Capacitor-Free Low Dropout Voltage Regulator, Fixed Output 1.8V, SOT-23-5</description>
      <docs>http://www.ti.com/lit/ds/symlink/tlv733p.pdf</docs>
      <footprints>
        <fp>SOT?23*</fp>
      </footprints>
      <fields>
        <field name="Reference">U5</field>
        <field name="Value">TLV73318PDBV</field>
        <field name="Footprint">Package_TO_SOT_SMD:SOT-23-5</field>
        <field name="Datasheet">http://www.ti.com/lit/ds/symlink/tlv733p.pdf</field>
        <field name="Description">300mA Capacitor-Free Low Dropout Voltage Regulator, Fixed Output 1.8V, SOT-23-5</field>
      </fields>
      <pins>
        <pin num="1" name="IN" type="power_in"/>
        <pin num="2" name="GND" type="power_out"/>
        <pin num="3" name="EN" type="input"/>
        <pin num="4" name="NC" type="no_connect"/>
        <pin num="5" name="OUT" type="power_out"/>
      </pins>
    </libpart>
    <libpart lib="Seeeduino XIAO" part="SeeeduinoXIAO">
      <fields>
        <field name="Reference">U</field>
        <field name="Value">SeeeduinoXIAO</field>
        <field name="Footprint"/>
        <field name="Datasheet"/>
        <field name="Description"/>
      </fields>
      <pins>
        <pin num="1" name="PA02_A0_D0" type="unspecified"/>
        <pin num="2" name="PA4_A1_D1" type="unspecified"/>
        <pin num="3" name="PA10_A2_D2" type="unspecified"/>
        <pin num="4" name="PA11_A3_D3" type="unspecified"/>
        <pin num="5" name="PA8_A4_D4_SDA" type="unspecified"/>
        <pin num="6" name="PA9_A5_D5_SCL" type="unspecified"/>
        <pin num="7" name="PB08_A6_D6_TX" type="unspecified"/>
        <pin num="8" name="PB09_A7_D7_RX" type="unspecified"/>
        <pin num="9" name="PA7_A8_D8_SCK" type="unspecified"/>
        <pin num="10" name="PA5_A9_D9_MISO" type="unspecified"/>
        <pin num="11" name="PA6_A10_D10_MOSI" type="unspecified"/>
        <pin num="12" name="3V3" type="unspecified"/>
        <pin num="13" name="GND" type="unspecified"/>
        <pin num="14" name="5V" type="unspecified"/>
        <pin num="15" name="5V" type="input"/>
        <pin num="16" name="GND" type="input"/>
        <pin num="17" name="PA31_SWDIO" type="input"/>
        <pin num="18" name="PA30_SWCLK" type="input"/>
        <pin num="19" name="RESET" type="input"/>
        <pin num="20" name="GND" type="input"/>
      </pins>
    </libpart>
    <libpart lib="VL53L8CX" part="VL53L8CXV0GC_1">
      <docs>VL53L8CXV0GC/1</docs>
      <footprints>
        <fp>IC17_LGA16_STM</fp>
      </footprints>
      <fields>
        <field name="Reference">U4</field>
        <field name="Value">VL53L8CXV0GC/1</field>
        <field name="Footprint">Sensor_Distance:ST_VL53L1x</field>
        <field name="Datasheet">VL53L8CXV0GC/1</field>
        <field name="Description"/>
      </fields>
      <pins>
        <pin num="A1" name="INT" type="bidirectional"/>
        <pin num="A2" name="LPN" type="input"/>
        <pin num="A3" name="IOVDD" type="power_in"/>
        <pin num="A4" name="SDA/MOSI" type="bidirectional"/>
        <pin num="A5" name="SCL/MCLK" type="input"/>
        <pin num="A6" name="RSVD1" type="unspecified"/>
        <pin num="A7" name="RSVD2" type="unspecified"/>
        <pin num="B1" name="SYNC" type="bidirectional"/>
        <pin num="B4" name="THERMALPAD" type="power_out"/>
        <pin num="B7" name="CORE_1V8" type="power_in"/>
        <pin num="C1" name="SPI_I2C_N" type="input"/>
        <pin num="C2" name="NCS" type="input"/>
        <pin num="C3" name="GND" type="input"/>
        <pin num="C4" name="AVDD" type="power_in"/>
        <pin num="C5" name="MISO" type="output"/>
        <pin num="C6" name="RSVD3" type="unspecified"/>
        <pin num="C7" name="GROUND" type="power_out"/>
      </pins>
    </libpart>
  </libparts>
  <libraries>
    <library logical="Device">
      <uri>/Applications/KiCad/KiCad.app/Contents/SharedSupport/symbols//Device.kicad_sym</uri>
    </library>
    <library logical="Interface_Expansion">
      <uri>/Applications/KiCad/KiCad.app/Contents/SharedSupport/symbols//Interface_Expansion.kicad_sym</uri>
    </library>
    <library logical="Regulator_Linear">
      <uri>/Applications/KiCad/KiCad.app/Contents/SharedSupport/symbols//Regulator_Linear.kicad_sym</uri>
    </library>
    <library logical="Seeeduino XIAO">
      <uri>/Users/farhan/Documents/KiCad/8.0/symbols/Seeeduino_XIAO_KICAD/Seeeduino_XIAO.lib</uri>
    </library>
    <library logical="VL53L8CX">
      <uri>/Users/farhan/Documents/KiCad/8.0/symbols/VL53L8CXV0GC-1/KiCADv6/2025-04-29_23-53-24.kicad_sym</uri>
    </library>
  </libraries>
  <nets>
    <net code="1" name="+1V8">
      <node ref="U2" pin="B7" pinfunction="CORE_1V8" pintype="power_in"/>
      <node ref="U4" pin="B7" pinfunction="CORE_1V8" pintype="power_in"/>
      <node ref="U5" pin="5" pinfunction="OUT" pintype="power_out"/>
    </net>
    <net code="2" name="+3.3V">
      <node ref="R5" pin="1" pintype="passive"/>
      <node ref="R6" pin="2" pintype="passive"/>
      <node ref="R7" pin="2" pintype="passive"/>
      <node ref="U1" pin="12" pinfunction="3V3" pintype="unspecified"/>
      <node ref="U2" pin="C4" pinfunction="AVDD" pintype="power_in"/>
      <node ref="U3" pin="20" pinfunction="VCC" pintype="power_in"/>
      <node ref="U4" pin="C4" pinfunction="AVDD" pintype="power_in"/>
      <node ref="U5" pin="1" pinfunction="IN" pintype="power_in"/>
    </net>
    <net code="3" name="GND">
      <node ref="U1" pin="13" pinfunction="GND" pintype="unspecified"/>
      <node ref="U2" pin="C3" pinfunction="GND" pintype="input"/>
      <node ref="U3" pin="1" pinfunction="A0" pintype="input"/>
      <node ref="U3" pin="10" pinfunction="GND" pintype="power_in"/>
      <node ref="U3" pin="2" pinfunction="A1" pintype="input"/>
      <node ref="U3" pin="3" pinfunction="A2" pintype="input"/>
      <node ref="U4" pin="C3" pinfunction="GND" pintype="input"/>
      <node ref="U5" pin="2" pinfunction="GND" pintype="power_out"/>
    </net>
    <net code="4" name="Net-(U1-PA8_A4_D4_SDA)">
      <node ref="R6" pin="1" pintype="passive"/>
      <node ref="U1" pin="5" pinfunction="PA8_A4_D4_SDA" pintype="unspecified"/>
      <node ref="U3" pin="19" pinfunction="SDA" pintype="bidirectional"/>
    </net>
    <net code="5" name="Net-(U1-PA9_A5_D5_SCL)">
      <node ref="R7" pin="1" pintype="passive"/>
      <node ref="U1" pin="6" pinfunction="PA9_A5_D5_SCL" pintype="unspecified"/>
      <node ref="U3" pin="18" pinfunction="SCL" pintype="bidirectional"/>
    </net>
    <net code="6" name="Net-(U1-PB09_A7_D7_RX)">
      <node ref="R5" pin="2" pintype="passive"/>
      <node ref="U1" pin="8" pinfunction="PB09_A7_D7_RX" pintype="unspecified"/>
      <node ref="U3" pin="17" pinfunction="~{INT}" pintype="open_collector"/>
    </net>
    <net code="7" name="Net-(U2-INT)">
      <node ref="U2" pin="A1" pinfunction="INT" pintype="bidirectional"/>
      <node ref="U3" pin="7" pinfunction="~{INT1}" pintype="input"/>
    </net>
    <net code="8" name="Net-(U2-SCL{slash}MCLK)">
      <node ref="R3" pin="2" pintype="passive"/>
      <node ref="U2" pin="A5" pinfunction="SCL/MCLK" pintype="input"/>
    </net>
    <net code="9" name="Net-(U2-SDA{slash}MOSI)">
      <node ref="R4" pin="2" pintype="passive"/>
      <node ref="U2" pin="A4" pinfunction="SDA/MOSI" pintype="bidirectional"/>
    </net>
    <net code="10" name="Net-(U3-SC0)">
      <node ref="R1" pin="1" pintype="passive"/>
      <node ref="U3" pin="6" pinfunction="SC0" pintype="bidirectional"/>
    </net>
    <net code="11" name="Net-(U3-SC1)">
      <node ref="R3" pin="1" pintype="passive"/>
      <node ref="U3" pin="9" pinfunction="SC1" pintype="bidirectional"/>
    </net>
    <net code="12" name="Net-(U3-SD0)">
      <node ref="R2" pin="1" pintype="passive"/>
      <node ref="U3" pin="5" pinfunction="SD0" pintype="bidirectional"/>
    </net>
    <net code="13" name="Net-(U3-SD1)">
      <node ref="R4" pin="1" pintype="passive"/>
      <node ref="U3" pin="8" pinfunction="SD1" pintype="bidirectional"/>
    </net>
    <net code="14" name="Net-(U3-~{INT0})">
      <node ref="U3" pin="4" pinfunction="~{INT0}" pintype="input"/>
      <node ref="U4" pin="A1" pinfunction="INT" pintype="bidirectional"/>
    </net>
    <net code="15" name="Net-(U4-SCL{slash}MCLK)">
      <node ref="R1" pin="2" pintype="passive"/>
      <node ref="U4" pin="A5" pinfunction="SCL/MCLK" pintype="input"/>
    </net>
    <net code="16" name="Net-(U4-SDA{slash}MOSI)">
      <node ref="R2" pin="2" pintype="passive"/>
      <node ref="U4" pin="A4" pinfunction="SDA/MOSI" pintype="bidirectional"/>
    </net>
    <net code="17" name="unconnected-(U1-5V-Pad14)">
      <node ref="U1" pin="14" pinfunction="5V" pintype="unspecified+no_connect"/>
    </net>
    <net code="18" name="unconnected-(U1-5V-Pad15)">
      <node ref="U1" pin="15" pinfunction="5V" pintype="input+no_connect"/>
    </net>
    <net code="19" name="unconnected-(U1-GND-Pad16)">
      <node ref="U1" pin="16" pinfunction="GND" pintype="input+no_connect"/>
    </net>
    <net code="20" name="unconnected-(U1-GND-Pad20)">
      <node ref="U1" pin="20" pinfunction="GND" pintype="input+no_connect"/>
    </net>
    <net code="21" name="unconnected-(U1-PA02_A0_D0-Pad1)">
      <node ref="U1" pin="1" pinfunction="PA02_A0_D0" pintype="unspecified+no_connect"/>
    </net>
    <net code="22" name="unconnected-(U1-PA4_A1_D1-Pad2)">
      <node ref="U1" pin="2" pinfunction="PA4_A1_D1" pintype="unspecified+no_connect"/>
    </net>
    <net code="23" name="unconnected-(U1-PA5_A9_D9_MISO-Pad10)">
      <node ref="U1" pin="10" pinfunction="PA5_A9_D9_MISO" pintype="unspecified+no_connect"/>
    </net>
    <net code="24" name="unconnected-(U1-PA6_A10_D10_MOSI-Pad11)">
      <node ref="U1" pin="11" pinfunction="PA6_A10_D10_MOSI" pintype="unspecified+no_connect"/>
    </net>
    <net code="25" name="unconnected-(U1-PA7_A8_D8_SCK-Pad9)">
      <node ref="U1" pin="9" pinfunction="PA7_A8_D8_SCK" pintype="unspecified+no_connect"/>
    </net>
    <net code="26" name="unconnected-(U1-PA10_A2_D2-Pad3)">
      <node ref="U1" pin="3" pinfunction="PA10_A2_D2" pintype="unspecified+no_connect"/>
    </net>
    <net code="27" name="unconnected-(U1-PA11_A3_D3-Pad4)">
      <node ref="U1" pin="4" pinfunction="PA11_A3_D3" pintype="unspecified+no_connect"/>
    </net>
    <net code="28" name="unconnected-(U1-PA30_SWCLK-Pad18)">
      <node ref="U1" pin="18" pinfunction="PA30_SWCLK" pintype="input+no_connect"/>
    </net>
    <net code="29" name="unconnected-(U1-PA31_SWDIO-Pad17)">
      <node ref="U1" pin="17" pinfunction="PA31_SWDIO" pintype="input+no_connect"/>
    </net>
    <net code="30" name="unconnected-(U1-PB08_A6_D6_TX-Pad7)">
      <node ref="U1" pin="7" pinfunction="PB08_A6_D6_TX" pintype="unspecified+no_connect"/>
    </net>
    <net code="31" name="unconnected-(U1-RESET-Pad19)">
      <node ref="U1" pin="19" pinfunction="RESET" pintype="input+no_connect"/>
    </net>
    <net code="32" name="unconnected-(U2-GROUND-PadC7)">
      <node ref="U2" pin="C7" pinfunction="GROUND" pintype="power_out+no_connect"/>
    </net>
    <net code="33" name="unconnected-(U2-IOVDD-PadA3)">
      <node ref="U2" pin="A3" pinfunction="IOVDD" pintype="power_in+no_connect"/>
    </net>
    <net code="34" name="unconnected-(U2-LPN-PadA2)">
      <node ref="U2" pin="A2" pinfunction="LPN" pintype="input+no_connect"/>
    </net>
    <net code="35" name="unconnected-(U2-MISO-PadC5)">
      <node ref="U2" pin="C5" pinfunction="MISO" pintype="output+no_connect"/>
    </net>
    <net code="36" name="unconnected-(U2-NCS-PadC2)">
      <node ref="U2" pin="C2" pinfunction="NCS" pintype="input+no_connect"/>
    </net>
    <net code="37" name="unconnected-(U2-RSVD1-PadA6)">
      <node ref="U2" pin="A6" pinfunction="RSVD1" pintype="unspecified+no_connect"/>
    </net>
    <net code="38" name="unconnected-(U2-RSVD2-PadA7)">
      <node ref="U2" pin="A7" pinfunction="RSVD2" pintype="unspecified+no_connect"/>
    </net>
    <net code="39" name="unconnected-(U2-RSVD3-PadC6)">
      <node ref="U2" pin="C6" pinfunction="RSVD3" pintype="unspecified+no_connect"/>
    </net>
    <net code="40" name="unconnected-(U2-SPI_I2C_N-PadC1)">
      <node ref="U2" pin="C1" pinfunction="SPI_I2C_N" pintype="input+no_connect"/>
    </net>
    <net code="41" name="unconnected-(U2-SYNC-PadB1)">
      <node ref="U2" pin="B1" pinfunction="SYNC" pintype="bidirectional+no_connect"/>
    </net>
    <net code="42" name="unconnected-(U2-THERMALPAD-PadB4)">
      <node ref="U2" pin="B4" pinfunction="THERMALPAD" pintype="power_out+no_connect"/>
    </net>
    <net code="43" name="unconnected-(U3-SC2-Pad13)">
      <node ref="U3" pin="13" pinfunction="SC2" pintype="bidirectional+no_connect"/>
    </net>
    <net code="44" name="unconnected-(U3-SC3-Pad16)">
      <node ref="U3" pin="16" pinfunction="SC3" pintype="bidirectional+no_connect"/>
    </net>
    <net code="45" name="unconnected-(U3-SD2-Pad12)">
      <node ref="U3" pin="12" pinfunction="SD2" pintype="bidirectional+no_connect"/>
    </net>
    <net code="46" name="unconnected-(U3-SD3-Pad15)">
      <node ref="U3" pin="15" pinfunction="SD3" pintype="bidirectional+no_connect"/>
    </net>
    <net code="47" name="unconnected-(U3-~{INT2}-Pad11)">
      <node ref="U3" pin="11" pinfunction="~{INT2}" pintype="input+no_connect"/>
    </net>
    <net code="48" name="unconnected-(U3-~{INT3}-Pad14)">
      <node ref="U3" pin="14" pinfunction="~{INT3}" pintype="input+no_connect"/>
    </net>
    <net code="49" name="unconnected-(U4-GROUND-PadC7)">
      <node ref="U4" pin="C7" pinfunction="GROUND" pintype="power_out+no_connect"/>
    </net>
    <net code="50" name="unconnected-(U4-IOVDD-PadA3)">
      <node ref="U4" pin="A3" pinfunction="IOVDD" pintype="power_in+no_connect"/>
    </net>
    <net code="51" name="unconnected-(U4-LPN-PadA2)">
      <node ref="U4" pin="A2" pinfunction="LPN" pintype="input+no_connect"/>
    </net>
    <net code="52" name="unconnected-(U4-MISO-PadC5)">
      <node ref="U4" pin="C5" pinfunction="MISO" pintype="output+no_connect"/>
    </net>
    <net code="53" name="unconnected-(U4-NCS-PadC2)">
      <node ref="U4" pin="C2" pinfunction="NCS" pintype="input+no_connect"/>
    </net>
    <net code="54" name="unconnected-(U4-RSVD1-PadA6)">
      <node ref="U4" pin="A6" pinfunction="RSVD1" pintype="unspecified+no_connect"/>
    </net>
    <net code="55" name="unconnected-(U4-RSVD2-PadA7)">
      <node ref="U4" pin="A7" pinfunction="RSVD2" pintype="unspecified+no_connect"/>
    </net>
    <net code="56" name="unconnected-(U4-RSVD3-PadC6)">
      <node ref="U4" pin="C6" pinfunction="RSVD3" pintype="unspecified+no_connect"/>
    </net>
    <net code="57" name="unconnected-(U4-SPI_I2C_N-PadC1)">
      <node ref="U4" pin="C1" pinfunction="SPI_I2C_N" pintype="input+no_connect"/>
    </net>
    <net code="58" name="unconnected-(U4-SYNC-PadB1)">
      <node ref="U4" pin="B1" pinfunction="SYNC" pintype="bidirectional+no_connect"/>
    </net>
    <net code="59" name="unconnected-(U4-THERMALPAD-PadB4)">
      <node ref="U4" pin="B4" pinfunction="THERMALPAD" pintype="power_out+no_connect"/>
    </net>
    <net code="60" name="unconnected-(U5-EN-Pad3)">
      <node ref="U5" pin="3" pinfunction="EN" pintype="input+no_connect"/>
    </net>
    <net code="61" name="unconnected-(U5-NC-Pad4)">
      <node ref="U5" pin="4" pinfunction="NC" pintype="no_connect"/>
    </net>
  </nets>
</export>
