aX,aY,aZ
0.338,0.399,1.298
0.339,0.406,1.388
0.344,0.396,1.414
0.346,0.380,1.467
0.357,0.364,1.514
0.370,0.319,1.532
0.375,0.301,1.564
0.375,0.281,1.575
0.358,0.262,1.597
0.357,0.246,1.627
0.366,0.206,1.632
0.364,0.158,1.628
0.358,0.137,1.609
0.345,0.111,1.593
0.336,0.108,1.546
0.309,0.116,1.518
0.294,0.142,1.451
0.261,0.159,1.377
0.221,0.191,1.333
0.200,0.211,1.250
0.163,0.219,1.168
0.131,0.239,1.130
0.115,0.257,1.053
0.091,0.271,1.027
0.067,0.281,0.968
0.055,0.281,0.915
0.039,0.287,0.898
0.041,0.279,0.868
0.040,0.267,0.844
0.049,0.241,0.841
0.056,0.219,0.837
0.075,0.203,0.839
0.096,0.171,0.846
0.106,0.146,0.867
0.132,0.130,0.880
0.146,0.098,0.910
0.181,0.083,0.933
0.212,0.050,0.938
0.231,0.012,0.954
0.257,-0.008,0.967
0.282,-0.041,0.974
0.292,-0.068,0.972
0.312,-0.080,0.962
0.321,-0.095,0.956
0.321,-0.101,0.936
0.316,-0.099,0.912
0.306,-0.091,0.901
0.305,-0.082,0.876
0.296,-0.080,0.856
0.289,-0.077,0.846
0.287,-0.079,0.831
0.288,-0.082,0.822
0.288,-0.089,0.819
0.288,-0.090,0.821
0.283,-0.090,0.838
0.279,-0.091,0.848
0.277,-0.094,0.874
0.277,-0.095,0.907
0.276,-0.104,0.922
0.276,-0.114,0.950
0.278,-0.118,0.963
0.276,-0.118,0.990
0.275,-0.124,1.011
0.275,-0.125,1.027
0.270,-0.127,1.030
0.268,-0.131,1.036
0.265,-0.132,1.038
0.264,-0.137,1.038
0.262,-0.142,1.038
0.260,-0.144,1.031
0.256,-0.145,1.026
0.257,-0.150,1.021
0.256,-0.151,1.019
0.255,-0.155,1.018
0.250,-0.158,1.017
0.245,-0.157,1.014
0.241,-0.156,1.011
0.234,-0.158,1.005
0.234,-0.157,0.999
0.234,-0.160,0.996
0.236,-0.169,0.983
0.228,-0.170,0.973
0.228,-0.173,0.968
0.227,-0.174,0.959
0.224,-0.173,0.948
0.219,-0.167,0.943
0.221,-0.165,0.928
0.221,-0.161,0.918
0.224,-0.160,0.913
0.224,-0.168,0.906
0.222,-0.169,0.905
0.219,-0.166,0.907
0.216,-0.163,0.913
0.209,-0.163,0.920
0.208,-0.159,0.924
0.207,-0.162,0.932
0.205,-0.165,0.943
0.206,-0.170,0.945
0.206,-0.176,0.956
0.207,-0.179,0.964
0.207,-0.181,0.970
0.203,-0.177,0.984
0.203,-0.174,1.003
0.202,-0.172,1.009
0.199,-0.171,1.022
0.199,-0.173,1.034
0.204,-0.174,1.036
0.204,-0.172,1.040
0.205,-0.177,1.042
0.207,-0.175,1.044
0.203,-0.178,1.044
0.207,-0.181,1.049
0.208,-0.178,1.050
0.211,-0.177,1.049
0.212,-0.177,1.049
0.211,-0.176,1.048
0.211,-0.173,1.046
0.205,-0.172,1.044
0.204,-0.174,1.042
-1.216,-0.680,-0.151
-1.198,-0.707,-0.167
-1.170,-0.763,-0.176
-1.129,-0.823,-0.179
-1.122,-0.907,-0.207
-1.091,-0.934,-0.222
-1.046,-0.982,-0.224
-1.024,-1.005,-0.211
-1.014,-1.018,-0.173
-0.998,-1.040,-0.118
-0.982,-1.055,-0.071
-0.970,-1.069,-0.040
-0.977,-1.043,0.045
-0.985,-1.026,0.144
-1.004,-0.989,0.203
-1.014,-0.984,0.246
-1.002,-0.966,0.274
-0.997,-0.995,0.116
-1.032,-0.960,0.250
-0.960,-1.029,0.123
-1.092,-1.167,0.150
-0.920,-0.908,0.200
-0.902,-1.056,0.024
-0.997,-1.013,0.010
-0.935,-1.034,0.020
-0.869,-1.118,-0.000
-0.857,-1.091,-0.040
-0.791,-1.035,-0.060
-0.711,-0.982,-0.082
-0.721,-0.776,-0.034
-0.748,-0.795,-0.076
-0.633,-0.832,-0.051
-0.551,-0.693,-0.071
-0.529,-0.705,0.054
-0.527,-0.700,0.160
-0.467,-0.633,0.220
-0.387,-0.581,0.260
-0.330,-0.579,0.316
-0.274,-0.511,0.355
-0.308,-0.449,0.374
-0.310,-0.294,0.432
-0.380,-0.142,0.528
-0.534,0.163,0.497
-0.644,0.255,0.509
-0.749,0.485,0.601
-0.832,0.578,0.588
-1.013,0.738,0.526
-1.176,0.877,0.484
-1.243,0.947,0.369
-1.355,0.979,0.225
-1.435,1.037,0.147
-1.463,1.064,-0.002
-1.496,1.060,-0.130
-1.508,1.066,-0.172
-1.523,1.104,-0.210
-1.526,1.125,-0.229
-1.551,1.163,-0.233
-1.565,1.204,-0.195
-1.565,1.222,-0.170
-1.534,1.205,-0.149
-1.491,1.166,-0.105
-1.468,1.089,-0.076
-1.395,1.048,-0.027
-1.337,0.954,-0.017
-1.297,0.873,-0.008
-1.225,0.827,-0.038
-1.146,0.727,-0.054
-1.107,0.647,-0.100
-1.024,0.614,-0.142
-0.935,0.542,-0.171
-0.768,0.452,-0.203
-0.810,0.404,-0.220
-0.748,0.317,-0.231
-0.682,0.269,-0.248
-0.676,0.281,-0.213
-0.712,0.277,-0.127
-0.674,0.227,-0.096
-0.681,0.215,-0.063
-0.717,0.204,-0.045
-0.747,0.203,0.003
-0.760,0.195,0.075
-0.803,0.182,0.095
-0.824,0.163,0.157
-0.858,0.159,0.225
-0.859,0.128,0.252
-0.861,0.121,0.288
-0.872,0.108,0.320
-0.856,0.103,0.330
-0.852,0.091,0.334
-0.890,0.092,0.345
-0.913,0.085,0.386
-0.925,0.078,0.411
-0.954,0.081,0.417
-0.975,0.074,0.428
-0.990,0.073,0.426
-1.018,0.077,0.422
-1.052,0.097,0.408
-1.070,0.117,0.375
-1.103,0.123,0.356
-1.110,0.122,0.308
-1.108,0.121,0.255
-1.088,0.115,0.233
-1.072,0.101,0.183
-1.048,0.101,0.134
-1.030,0.112,0.116
-1.025,0.118,0.080
-1.007,0.122,0.050
-0.985,0.100,0.036
-0.976,0.081,0.004
-0.957,0.063,-0.023
-0.940,0.035,-0.029
-0.936,0.027,-0.030
-0.941,0.024,-0.030
-0.958,0.037,-0.027
-0.962,0.048,-0.010
-0.973,0.051,0.006
-0.981,0.050,0.011
-0.983,0.047,0.027
-0.990,0.047,0.030
-1.070,-0.638,0.189
-1.068,-0.665,0.172
-1.068,-0.700,0.142
-1.061,-0.723,0.110
-1.055,-0.773,0.095
-1.052,-0.833,0.069
-1.047,-0.865,0.044
-1.036,-0.933,0.037
-1.032,-0.988,0.018
-1.017,-1.013,0.021
-1.017,-1.068,0.013
-1.007,-1.133,0.020
-0.995,-1.149,0.053
-0.993,-1.169,0.076
-0.994,-1.175,0.139
-0.999,-1.171,0.230
-1.006,-1.179,0.274
-0.991,-1.166,0.361
-1.027,-1.121,0.500
-0.923,-0.987,0.446
-0.965,-1.358,0.450
-1.000,-1.244,0.550
-0.907,-1.312,0.434
-0.833,-1.387,0.425
-0.776,-1.496,0.324
-0.754,-1.527,0.355
-0.695,-1.505,0.306
-0.627,-1.620,0.264
-0.439,-1.561,0.093
-0.419,-1.489,0.036
-0.405,-1.501,0.044
-0.309,-1.499,0.017
-0.204,-1.490,-0.013
-0.020,-1.448,-0.036
-0.107,-1.397,-0.007
-0.105,-1.314,0.037
-0.084,-1.259,0.138
-0.098,-1.158,0.298
-0.127,-1.151,0.494
-0.139,-1.165,0.622
-0.208,-0.904,0.985
-0.234,-0.777,1.166
-0.359,-0.534,1.207
-0.391,-0.172,1.240
-0.430,0.051,1.095
-0.612,0.501,0.938
-0.818,0.999,0.581
-0.924,1.271,0.107
-1.090,1.704,-0.157
-1.309,1.878,-0.622
-1.312,1.904,-0.894
-1.301,1.717,-0.989
-1.314,1.558,-0.974
-1.276,1.465,-0.691
-1.163,1.401,-0.528
-1.106,1.405,-0.299
-1.045,1.428,-0.082
-0.997,1.522,0.014
-1.024,1.638,0.041
-1.071,1.701,0.085
-1.205,1.790,0.050
-1.301,1.910,-0.015
-1.513,1.947,-0.085
-1.720,1.928,-0.142
-1.795,1.879,-0.255
-1.951,1.753,-0.347
-2.098,1.698,-0.175
-2.132,1.521,0.015
-2.126,1.469,0.161
-2.107,1.351,0.157
-1.906,1.148,0.217
-1.885,1.043,0.108
-1.747,0.849,0.054
-1.601,0.692,-0.027
-1.541,0.591,-0.160
-1.397,0.546,-0.288
-1.260,0.502,-0.351
-1.210,0.523,-0.398
-1.129,0.523,-0.395
-1.057,0.522,-0.354
-0.898,0.474,-0.229
-0.971,0.445,-0.105
-0.921,0.385,-0.042
-0.855,0.334,0.110
-0.819,0.246,0.243
-0.750,0.213,0.302
-0.695,0.116,0.373
-0.688,0.084,0.402
-0.702,0.101,0.423
-0.712,0.157,0.459
-0.731,0.177,0.455
-0.745,0.199,0.435
-0.747,0.204,0.383
-0.745,0.197,0.300
-0.749,0.193,0.264
-0.751,0.191,0.194
-0.740,0.184,0.126
-0.729,0.191,0.087
-0.722,0.203,0.024
-0.721,0.204,-0.041
-0.741,0.222,-0.073
-0.750,0.220,-0.120
-0.757,0.242,-0.177
-0.776,0.257,-0.207
-0.800,0.266,-0.212
-0.818,0.264,-0.213
-0.848,0.256,-0.207
-0.872,0.233,-0.205
-0.877,0.201,-0.173
-0.875,0.152,-0.139
-0.875,0.133,-0.121
-0.876,0.105,-0.078
-0.877,0.096,-0.037
-0.894,0.100,0.006
-0.919,0.119,0.047
-0.936,0.122,0.064
-0.941,0.101,0.082
-0.952,0.089,0.090
-0.950,0.066,0.086
-0.686,-0.460,0.852
-0.676,-0.460,0.869
-0.660,-0.464,0.877
-0.656,-0.472,0.875
-0.651,-0.477,0.870
-0.647,-0.486,0.858
-0.634,-0.489,0.844
-0.621,-0.494,0.834
-0.618,-0.495,0.811
-0.612,-0.490,0.794
-0.611,-0.478,0.789
-0.615,-0.477,0.777
-0.618,-0.477,0.763
-0.620,-0.478,0.756
-0.613,-0.470,0.744
-0.611,-0.460,0.726
-0.610,-0.445,0.716
-0.615,-0.419,0.696
-0.619,-0.398,0.694
-0.623,-0.391,0.701
-0.623,-0.371,0.703
-0.625,-0.348,0.709
-0.641,-0.333,0.719
-0.658,-0.300,0.728
-0.666,-0.282,0.751
-0.674,-0.280,0.776
-0.684,-0.277,0.784
-0.688,-0.265,0.806
-0.691,-0.264,0.812
-0.690,-0.265,0.814
-0.691,-0.267,0.813
-0.694,-0.266,0.800
-0.695,-0.259,0.792
-0.694,-0.251,0.782
-0.696,-0.237,0.772
-0.697,-0.224,0.755
-0.697,-0.222,0.741
-0.691,-0.219,0.733
-0.690,-0.206,0.713
-0.686,-0.203,0.712
-0.677,-0.206,0.706
-0.669,-0.213,0.705
-0.644,-0.218,0.708
-0.621,-0.228,0.711
-0.610,-0.223,0.724
-0.593,-0.219,0.743
-0.586,-0.213,0.755
-0.581,-0.219,0.791
-0.565,-0.224,0.823
-0.545,-0.242,0.837
-0.534,-0.258,0.856
-0.513,-0.264,0.866
-0.499,-0.276,0.869
-0.492,-0.283,0.875
-0.481,-0.284,0.885
-0.472,-0.281,0.889
-0.460,-0.277,0.894
-0.453,-0.270,0.905
-0.437,-0.269,0.910
-0.430,-0.269,0.914
-0.424,-0.274,0.917
-0.412,-0.275,0.921
-0.393,-0.281,0.924
-0.374,-0.285,0.926
-0.365,-0.293,0.929
-0.349,-0.293,0.933
-0.334,-0.299,0.935
-0.319,-0.303,0.937
-0.309,-0.305,0.935
-0.288,-0.307,0.933
-0.276,-0.299,0.932
-0.271,-0.293,0.936
-0.269,-0.290,0.945
-0.263,-0.293,0.953
-0.254,-0.293,0.955
-0.241,-0.291,0.957
-0.234,-0.288,0.952
-0.227,-0.286,0.949
-0.225,-0.279,0.940
-0.224,-0.274,0.944
-0.224,-0.258,0.951
-0.223,-0.243,0.957
-0.220,-0.239,0.968
-0.210,-0.239,0.978
-0.204,-0.238,0.984
-0.200,-0.244,0.993
-0.176,-0.254,1.005
-0.149,-0.277,1.007
-0.130,-0.303,1.008
-0.121,-0.318,1.008
-0.095,-0.325,1.006
-0.074,-0.334,1.006
-0.065,-0.341,1.002
-0.061,-0.341,1.001
-0.055,-0.345,1.003
-0.050,-0.347,1.006
-0.040,-0.347,1.008
-0.035,-0.342,1.007
-0.033,-0.341,1.005
-0.035,-0.341,1.002
-0.032,-0.342,1.002
-0.036,-0.342,0.989
-0.030,-0.331,0.985
-0.033,-0.330,0.980
-0.046,-0.318,0.974
-0.052,-0.299,0.976
-0.054,-0.294,0.979
-0.057,-0.289,0.980
-0.057,-0.288,0.985
-0.052,-0.288,0.991
-0.047,-0.288,0.995
-0.043,-0.292,0.995
-0.043,-0.294,0.995
-0.043,-0.294,0.994
-0.038,-0.293,0.995
-0.031,-0.305,0.993
-0.021,-0.320,0.988
-0.007,-0.323,0.981
-0.001,-0.326,0.978
-1.209,-0.708,0.121
-1.197,-0.756,0.121
-1.179,-0.780,0.131
-1.171,-0.825,0.131
-1.173,-0.846,0.132
-1.183,-0.851,0.128
-1.194,-0.848,0.128
-1.214,-0.831,0.128
-1.221,-0.807,0.128
-1.234,-0.793,0.126
-1.245,-0.771,0.130
-1.246,-0.769,0.131
-1.240,-0.768,0.115
-1.232,-0.775,0.099
-1.219,-0.800,0.056
-1.218,-0.836,0.009
-1.222,-0.838,0.000
-1.170,-0.899,-0.033
-1.190,-0.779,-0.031
-1.227,-0.806,-0.048
-1.241,-0.754,-0.020
-1.280,-0.608,0.042
-1.327,-0.552,0.067
-1.321,-0.521,0.103
-1.305,-0.552,0.098
-1.242,-0.566,0.070
-1.185,-0.577,0.042
-1.132,-0.669,-0.011
-0.981,-0.707,-0.011
-0.841,-0.783,-0.041
-0.763,-0.867,-0.030
-0.608,-0.921,0.020
-0.464,-1.034,0.046
-0.333,-1.109,0.143
-0.268,-1.137,0.273
-0.145,-1.137,0.331
-0.037,-1.075,0.449
0.002,-0.888,0.535
0.061,-0.815,0.511
-0.028,-0.560,0.709
-0.020,-0.310,0.638
0.088,-0.288,0.658
0.190,-0.100,0.642
0.148,-0.082,0.702
0.116,0.030,0.780
0.088,0.279,0.700
0.087,0.494,0.487
-0.042,1.127,0.349
-0.161,1.685,-0.036
-0.385,1.881,-0.320
-0.573,2.106,-0.415
-0.750,2.216,-0.588
-0.814,2.127,-0.666
-0.935,2.196,-0.516
-1.078,2.232,-0.544
-1.139,2.325,-0.438
-1.296,2.362,-0.420
-1.512,2.503,-0.386
-1.595,2.500,-0.539
-1.856,2.564,-0.455
-2.035,2.713,-0.344
-2.180,2.507,-0.314
-2.200,2.233,-0.364
-2.270,2.058,-0.446
-2.286,1.760,-0.503
-2.301,1.531,-0.628
-2.341,1.443,-0.755
-2.359,1.292,-0.816
-2.295,1.189,-0.931
-2.227,1.080,-1.008
-2.016,1.007,-1.067
-1.718,0.798,-1.088
-1.374,0.593,-1.072
-1.190,0.378,-0.986
-0.846,0.276,-0.858
-0.595,0.110,-0.785
-0.483,0.012,-0.613
-0.304,-0.004,-0.421
-0.202,0.004,-0.325
-0.183,0.019,-0.125
-0.166,0.030,0.071
-0.206,0.041,0.142
-0.374,0.104,0.282
-0.365,0.133,0.407
-0.495,0.195,0.450
-0.623,0.250,0.508
-0.671,0.261,0.533
-0.755,0.289,0.528
-0.787,0.333,0.463
-0.834,0.355,0.360
-0.842,0.365,0.304
-0.834,0.340,0.181
-0.809,0.320,0.041
-0.753,0.277,-0.026
-0.725,0.241,-0.148
-0.671,0.228,-0.250
-0.620,0.210,-0.300
-0.589,0.191,-0.391
-0.585,0.187,-0.478
-0.586,0.190,-0.512
-0.590,0.178,-0.558
-0.603,0.180,-0.588
-0.637,0.187,-0.587
-0.662,0.185,-0.556
-0.731,0.191,-0.497
-0.798,0.204,-0.460
-0.862,0.213,-0.396
-0.894,0.224,-0.322
-0.931,0.222,-0.150
-0.957,0.210,-0.175
-0.976,0.206,-0.091
-1.004,0.201,-0.049
-1.016,0.187,0.025
-1.025,0.184,0.075
-1.047,0.195,0.087
-1.061,0.222,0.105
-1.062,0.227,0.112
-1.046,0.216,0.107
-1.033,0.180,0.072
0.000,-0.893,1.121
-0.004,-0.915,1.100
-0.011,-0.922,1.075
-0.012,-0.940,1.062
-0.015,-0.962,1.036
-0.026,-0.971,0.996
-0.030,-0.984,0.982
-0.020,-1.002,0.968
-0.013,-1.013,0.944
0.002,-1.027,0.919
0.011,-1.041,0.906
0.015,-1.043,0.876
0.014,-1.039,0.846
0.007,-1.037,0.833
0.001,-1.046,0.807
-0.007,-1.052,0.778
-0.022,-1.064,0.762
-0.024,-1.065,0.727
-0.034,-1.070,0.680
-0.047,-1.084,0.661
-0.054,-1.091,0.613
-0.074,-1.090,0.569
-0.095,-1.087,0.553
-0.102,-1.062,0.520
-0.098,-1.041,0.479
-0.121,-1.026,0.469
-0.122,-1.033,0.459
-0.121,-1.017,0.449
-0.101,-1.011,0.444
-0.082,-0.999,0.444
-0.082,-0.995,0.448
-0.075,-0.990,0.458
-0.061,-0.956,0.465
-0.055,-0.905,0.471
-0.041,-0.874,0.488
-0.022,-0.783,0.502
-0.015,-0.656,0.531
0.003,-0.583,0.559
0.054,-0.424,0.575
0.083,-0.253,0.607
0.167,-0.178,0.650
0.276,-0.053,0.665
0.342,0.048,0.688
0.437,0.103,0.700
0.509,0.257,0.711
0.509,0.438,0.695
0.522,0.549,0.686
0.568,0.698,0.677
0.595,0.757,0.684
0.637,0.864,0.685
0.651,0.928,0.679
0.688,0.947,0.686
0.718,1.022,0.702
0.741,1.151,0.726
0.762,1.231,0.756
0.747,1.360,0.790
0.733,1.411,0.883
0.697,1.497,0.944
0.677,1.516,1.129
0.607,1.501,1.362
0.503,1.453,1.500
0.449,1.391,1.782
0.354,1.357,1.946
0.247,1.256,2.275
0.183,1.201,2.585
0.033,1.051,2.708
-0.152,0.858,2.928
-0.257,0.779,3.017
-0.387,0.791,3.042
-0.375,0.785,2.801
-0.498,0.659,2.639
-0.651,0.501,2.626
-0.709,0.457,2.441
-0.788,0.460,2.241
-0.828,0.484,2.159
-0.844,0.496,1.993
-0.871,0.503,1.816
-0.862,0.493,1.728
-0.834,0.478,1.561
-0.731,0.473,1.484
-0.580,0.458,1.317
-0.488,0.456,1.140
-0.277,0.413,1.049
-0.047,0.327,0.856
0.033,0.272,0.671
0.219,0.153,0.593
0.302,0.045,0.458
0.437,0.019,0.352
0.532,-0.107,0.305
0.557,-0.106,0.259
0.600,-0.169,0.218
0.603,-0.167,0.221
0.594,-0.200,0.213
0.562,-0.212,0.229
0.513,-0.207,0.249
0.492,-0.206,0.294
0.438,-0.203,0.346
0.375,-0.198,0.376
0.343,-0.182,0.439
0.281,-0.167,0.476
0.227,-0.134,0.540
0.204,-0.120,0.600
0.159,-0.095,0.630
0.119,-0.064,0.688
0.102,-0.039,0.750
0.037,-0.002,0.776
0.000,0.032,0.819
-0.008,0.079,0.838
-0.021,0.079,0.858
-0.032,0.035,0.930
-0.045,0.027,0.989
-0.018,0.006,1.014
-0.007,-0.010,1.051
0.017,-0.022,1.068
0.050,-0.046,1.096
0.069,-0.078,1.105
0.111,-0.099,1.101
0.151,-0.141,1.095
0.179,-0.161,1.077
0.130,-1.029,0.923
0.101,-0.959,0.895
0.067,-0.812,0.895
0.076,-0.862,0.925
0.061,-0.874,0.964
0.064,-0.874,0.981
0.070,-0.873,1.014
0.075,-0.867,1.038
0.072,-0.854,1.048
0.064,-0.838,1.060
0.050,-0.828,1.068
0.040,-0.821,1.069
0.029,-0.813,1.071
0.019,-0.810,1.063
0.000,-0.791,1.064
-0.016,-0.773,1.056
-0.028,-0.768,1.046
-0.043,-0.757,1.037
-0.041,-0.742,1.012
-0.051,-0.734,0.978
-0.071,-0.711,0.958
-0.085,-0.679,0.928
-0.080,-0.657,0.908
-0.080,-0.657,0.898
-0.065,-0.658,0.876
-0.051,-0.673,0.861
-0.024,-0.723,0.858
-0.001,-0.773,0.825
0.003,-0.807,0.783
0.020,-0.820,0.739
0.041,-0.831,0.712
0.049,-0.838,0.650
0.065,-0.854,0.620
0.086,-0.858,0.590
0.102,-0.870,0.547
0.137,-0.858,0.490
0.178,-0.786,0.468
0.204,-0.704,0.439
0.262,-0.656,0.396
0.350,-0.535,0.376
0.395,-0.380,0.347
0.480,-0.299,0.326
0.606,-0.152,0.320
0.665,0.037,0.308
0.788,0.125,0.314
0.865,0.328,0.359
1.006,0.440,0.376
1.139,0.637,0.376
1.205,0.781,0.360
1.319,0.856,0.331
1.368,1.008,0.305
1.365,1.094,0.289
1.322,1.292,0.305
1.294,1.463,0.345
1.182,1.546,0.389
0.991,1.704,0.525
0.870,1.806,0.796
0.606,1.968,1.003
0.342,2.192,1.624
0.135,2.307,2.423
-0.246,2.418,2.833
-0.486,2.306,3.608
-0.999,2.313,4.237
-1.476,2.094,4.193
-1.749,1.746,4.133
-2.224,1.622,3.959
-2.664,1.274,3.768
-2.873,0.956,3.467
-3.088,0.977,3.365
-2.925,1.091,3.460
-2.746,1.269,3.674
-2.268,1.325,3.538
-1.530,1.240,3.308
-1.087,0.938,2.654
-0.201,0.738,1.760
0.564,0.251,1.271
0.882,-0.158,0.335
1.411,-0.330,-0.307
1.743,-0.568,-0.622
1.792,-0.728,-1.004
1.857,-0.725,-1.090
1.726,-0.590,-1.193
1.626,-0.537,-1.198
1.394,-0.434,-0.994
1.162,-0.276,-0.884
1.059,-0.168,-0.590
0.875,-0.116,-0.248
0.702,-0.025,-0.056
0.548,0.074,0.366
0.468,0.102,0.726
0.289,0.129,0.871
0.204,0.145,1.110
0.046,0.142,1.329
-0.098,0.158,1.336
-0.164,0.176,1.416
-0.256,0.208,1.443
-0.279,0.234,1.445
-0.291,0.248,1.378
-0.269,0.261,1.327
-0.241,0.226,1.209
-0.159,0.195,1.064
-0.046,0.131,0.996
0.010,0.063,0.871
0.130,0.028,0.767
0.202,-0.023,0.717
0.236,-0.075,0.653
0.284,-0.095,0.510
0.299,-0.116,0.612
0.307,-0.122,0.622
0.321,-0.121,0.676
0.334,-0.130,0.707
0.335,-0.143,0.753
0.319,-0.169,0.776
0.311,-0.186,0.837
0.303,-0.180,0.916
0.270,-0.169,0.998
0.229,-0.138,1.043
0.204,-0.114,1.118
0.169,-0.112,1.182
0.107,-0.950,0.952
0.111,-0.950,0.948
0.118,-0.954,0.947
0.125,-0.961,0.942
0.137,-0.968,0.934
0.137,-0.983,0.927
0.137,-0.977,0.913
0.133,-0.969,0.898
0.132,-0.949,0.895
0.137,-0.943,0.886
0.142,-0.935,0.875
0.150,-0.918,0.874
0.144,-0.910,0.858
0.136,-0.893,0.848
0.138,-0.868,0.840
0.153,-0.836,0.825
0.163,-0.821,0.800
0.148,-0.805,0.789
0.143,-0.798,0.770
0.155,-0.789,0.734
0.166,-0.744,0.717
0.175,-0.730,0.702
0.184,-0.720,0.672
0.192,-0.687,0.658
0.199,-0.639,0.636
0.220,-0.614,0.614
0.245,-0.561,0.599
0.258,-0.494,0.548
0.276,-0.458,0.491
0.299,-0.407,0.468
0.305,-0.361,0.442
0.310,-0.324,0.411
0.336,-0.261,0.397
0.359,-0.163,0.367
0.395,-0.083,0.360
0.423,0.079,0.367
0.450,0.214,0.402
0.546,0.276,0.431
0.699,0.354,0.429
0.754,0.409,0.407
0.876,0.510,0.403
0.974,0.695,0.407
1.003,0.811,0.335
1.076,0.986,0.342
1.230,1.169,0.393
1.175,1.251,0.429
1.195,1.429,0.467
1.202,1.596,0.577
1.186,1.674,0.652
1.070,1.842,0.861
0.997,1.899,1.156
0.860,1.930,1.310
0.758,1.885,1.690
0.530,1.853,2.186
0.261,1.780,2.449
0.102,1.729,3.012
-0.277,1.642,3.261
-0.869,1.508,3.606
-1.097,1.786,3.676
-1.403,1.708,3.489
-1.821,1.620,3.279
-1.972,1.600,2.902
-2.245,1.491,2.707
-2.359,1.352,2.404
-2.543,1.301,2.271
-2.557,1.319,2.300
-2.459,1.412,2.481
-2.108,1.436,2.548
-1.597,1.372,2.484
-1.296,1.274,2.198
-0.616,0.997,2.012
-0.268,0.601,1.487
0.319,0.406,0.943
0.784,0.041,0.694
0.976,-0.203,0.313
1.257,-0.314,-0.006
1.425,-0.452,-0.120
1.461,-0.508,-0.313
1.441,-0.510,-0.429
1.364,-0.438,-0.466
1.243,-0.384,-0.478
1.177,-0.334,-0.424
1.029,-0.297,-0.379
0.895,-0.232,-0.249
0.830,-0.167,-0.084
0.690,-0.128,0.084
0.543,-0.062,0.172
0.458,-0.006,0.325
0.305,0.079,0.445
0.124,0.212,0.519
-0.072,0.296,0.695
-0.074,0.323,0.875
-0.166,0.340,0.970
-0.209,0.333,1.168
-0.218,0.296,1.357
-0.211,0.276,1.437
-0.173,0.223,1.562
-0.143,0.181,1.635
-0.072,0.101,1.645
0.024,0.043,1.639
0.071,0.009,1.590
0.143,-0.047,1.541
0.174,-0.090,1.415
0.221,-0.098,1.294
0.249,-0.103,1.236
0.252,-0.103,1.121
0.242,-0.095,1.038
0.232,-0.073,1.002
0.227,-0.068,0.935
0.218,-0.064,0.895
0.206,-0.063,0.880
0.199,-0.061,0.862
0.184,-0.057,0.859
0.170,-0.048,0.866
0.165,-0.036,0.899
0.157,-0.029,0.945
0.151,-0.031,0.972
0.146,-0.042,1.017
0.143,-0.050,1.054
0.162,0.639,1.246
0.176,0.649,1.304
0.196,0.647,1.326
0.211,0.632,1.353
0.213,0.627,1.360
0.222,0.614,1.357
0.228,0.606,1.346
0.222,0.600,1.319
0.192,0.574,1.300
0.173,0.516,1.226
0.131,0.485,1.125
0.104,0.439,1.070
0.099,0.424,0.962
0.092,0.385,0.907
0.091,0.373,0.814
0.095,0.353,0.700
0.082,0.319,0.649
0.081,0.306,0.581
0.081,0.303,0.525
0.094,0.320,0.513
0.103,0.296,0.500
0.113,0.288,0.496
0.121,0.285,0.511
0.131,0.274,0.542
0.152,0.247,0.562
0.160,0.216,0.615
0.174,0.201,0.658
0.179,0.170,0.678
0.179,0.123,0.727
0.173,0.091,0.751
0.157,0.017,0.795
0.149,-0.020,0.830
0.134,-0.085,0.848
0.117,-0.147,0.865
0.106,-0.192,0.865
0.091,-0.218,0.996
0.088,-0.264,0.879
0.089,-0.307,0.876
0.091,-0.326,0.874
0.098,-0.359,0.861
0.103,-0.368,0.851
0.122,-0.378,0.848
0.138,-0.376,0.842
0.146,-0.370,0.850
0.162,-0.364,0.859
0.182,-0.361,0.879
0.188,-0.358,0.902
0.201,-0.358,0.920
0.214,-0.366,0.964
0.223,-0.499,1.007
0.238,-0.396,1.026
0.248,-0.422,1.065
0.248,-0.463,1.087
0.242,-0.476,1.095
0.228,-0.493,1.097
0.220,-0.508,1.089
0.199,-0.511,1.080
0.173,-0.500,1.060
0.163,-0.495,1.035
0.134,-0.494,1.014
0.111,-0.476,0.998
0.099,-0.448,0.970
0.065,-0.434,0.942
0.042,-0.398,0.934
0.036,-0.358,0.924
0.023,-0.344,0.922
0.006,-0.323,0.923
-0.002,-0.315,0.938
-0.006,-0.314,0.966
0.003,-0.311,0.978
0.021,-0.304,1.006
0.032,-0.300,1.031
0.047,-0.299,1.046
0.063,-0.306,1.079
0.068,-0.310,1.099
0.073,-0.318,1.107
0.083,-0.319,1.125
0.082,-0.315,1.136
0.073,-0.310,1.137
0.066,-0.312,1.145
0.057,-0.314,1.155
0.049,-0.308,1.149
0.036,-0.297,1.139
0.029,-0.289,1.132
0.027,-0.288,1.126
0.015,-0.288,1.122
0.009,-0.290,1.102
0.001,-0.289,1.089
0.001,-0.283,1.077
0.002,-0.265,1.058
0.000,-0.256,1.038
0.000,-0.243,1.030
0.000,-0.234,1.011
0.002,-0.231,0.992
0.012,-0.222,0.985
0.017,-0.209,0.977
0.025,-0.202,0.978
0.029,-0.189,0.992
0.035,-0.183,1.006
0.042,-0.179,1.020
0.041,-0.173,1.054
0.042,-0.179,1.092
0.048,-0.200,1.106
0.056,-0.218,1.123
0.064,-0.221,1.131
0.082,-0.222,1.133
0.088,-0.223,1.136
0.090,-0.225,1.132
0.091,-0.236,1.129
0.092,-0.248,1.128
0.089,-0.255,1.119
0.086,-0.263,1.111
0.084,-0.262,1.093
0.082,-0.257,1.064
0.078,-0.252,1.053
0.078,-0.241,1.022
0.074,-0.234,0.996
0.068,-0.217,0.988
0.046,-0.207,0.967
0.000,-1.111,0.904
0.025,-1.134,0.929
0.032,-1.171,0.939
0.031,-1.198,0.955
0.032,-1.211,0.966
0.024,-1.243,0.970
0.016,-1.310,0.952
0.001,-1.347,0.930
-0.015,-1.418,0.916
-0.020,-1.481,0.891
-0.026,-1.507,0.864
-0.029,-1.557,0.850
-0.033,-1.604,0.830
-0.049,-1.637,0.797
-0.059,-1.672,0.776
-0.062,-1.673,0.755
-0.058,-1.680,0.720
-0.084,-1.654,0.695
-0.061,-1.593,0.664
-0.046,-1.531,0.647
-0.021,-1.482,0.630
0.014,-1.403,0.615
0.033,-1.355,0.606
0.098,-1.320,0.626
0.154,-1.262,0.634
0.176,-1.219,0.654
0.230,-1.196,0.645
0.296,-1.134,0.628
0.350,-1.072,0.619
0.378,-0.992,0.616
0.418,-0.930,0.608
0.460,-0.793,0.600
0.612,-0.634,0.584
0.566,-0.551,0.544
0.684,-0.351,0.548
0.733,-0.055,0.513
0.834,0.101,0.418
0.956,0.440,0.384
1.011,0.777,0.299
1.128,0.960,0.288
1.196,1.409,0.315
1.201,1.769,0.374
1.200,2.073,0.408
1.190,2.302,0.413
1.133,2.389,0.485
1.040,2.547,0.554
1.031,2.606,0.670
0.995,2.588,0.670
0.765,2.542,0.712
0.667,2.625,1.051
0.522,2.984,1.298
0.466,3.261,1.948
0.194,3.256,2.697
-0.268,2.938,3.077
-0.493,2.507,3.852
-0.976,2.238,4.250
-1.369,2.117,5.009
-1.539,1.699,4.834
-1.916,1.454,4.782
-2.328,1.093,4.593
-2.529,0.767,4.221
-2.753,0.709,4.066
-2.661,0.912,4.155
-2.475,1.273,4.316
-1.980,1.380,4.014
-1.390,1.390,3.779
-1.037,1.218,3.026
-0.252,1.082,2.070
0.508,0.761,1.602
0.805,0.597,0.735
1.221,0.245,0.359
1.370,-0.016,-0.260
1.576,-0.116,-0.755
1.731,-0.287,-0.888
1.748,-0.328,-0.970
1.696,-0.318,-1.274
1.450,-0.482,-1.322
1.442,-0.356,-1.227
1.234,-0.357,-1.175
1.016,-0.243,-1.127
0.840,-0.170,-0.960
0.743,-0.001,-0.728
0.548,-0.027,-0.460
0.381,0.064,-0.254
0.288,0.174,0.046
0.130,0.218,0.194
-0.074,0.294,0.467
-0.081,0.345,0.779
-0.174,0.411,0.912
-0.208,0.434,1.133
-0.256,0.446,1.329
-0.244,0.412,1.414
-0.224,0.325,1.509
-0.173,0.279,1.536
-0.094,0.177,1.526
-0.041,0.123,1.490
0.058,0.025,1.442
0.242,-0.042,1.350
0.245,-0.068,1.227
0.347,-0.102,1.157
0.427,-0.126,1.037
0.461,-0.148,0.906
0.496,-0.167,0.838
0.505,-0.185,0.731
0.504,-0.192,0.649
0.482,-0.199,0.611
0.465,-0.188,0.572
0.430,-0.183,0.582
0.397,-0.168,0.601
0.255,-0.153,0.667
0.346,-0.140,0.736
0.302,-0.088,0.785
0.280,-0.061,0.902
0.259,-0.048,0.991
0.230,-0.035,1.026
0.215,-0.043,1.109
0.206,-0.055,1.169
0.200,-0.088,1.196
0.206,-0.127,1.235
-0.031,-0.854,1.108
-0.015,-0.887,1.114
0.009,-0.924,1.087
-0.103,-1.006,1.094
-0.012,-0.891,1.018
0.030,-0.819,1.004
0.043,-0.932,0.993
0.036,-0.935,0.969
0.037,-0.960,0.952
0.038,-0.986,0.917
0.044,-1.001,0.902
0.055,-1.043,0.865
0.054,-1.067,0.811
0.057,-1.106,0.778
0.063,-1.113,0.725
0.077,-1.119,0.646
0.078,-1.112,0.613
0.081,-1.089,0.552
0.083,-1.085,0.527
0.082,-1.073,0.478
0.081,-1.053,0.433
0.081,-1.026,0.412
0.077,-0.982,0.388
0.082,-0.958,0.387
0.075,-0.901,0.391
0.084,-0.858,0.406
0.114,-0.840,0.441
0.181,-0.848,0.460
0.223,-0.823,0.498
0.305,-0.791,0.523
0.394,-0.712,0.529
0.446,-0.622,0.543
0.551,-0.581,0.533
0.647,-0.470,0.523
0.683,-0.306,0.482
0.766,-0.224,0.416
0.885,-0.059,0.377
0.938,0.146,0.320
1.037,0.253,0.285
1.101,0.490,0.257
1.138,0.872,0.243
1.206,0.898,0.236
1.195,1.139,0.165
1.139,1.248,0.128
1.041,1.487,0.140
0.999,1.705,0.244
0.922,1.728,0.336
0.847,1.881,0.591
0.655,1.962,0.857
0.398,2.175,1.031
0.233,2.482,1.574
-0.062,2.594,2.180
-0.277,2.732,2.560
-0.361,2.586,3.351
-0.642,2.360,3.662
-0.965,1.910,4.297
-1.122,1.673,4.782
-1.503,1.238,4.883
-1.669,1.074,4.942
-1.692,1.108,4.536
-1.728,0.701,4.225
-1.753,0.366,3.768
-1.841,0.256,3.298
-1.865,0.206,3.172
-1.857,0.270,2.898
-1.770,0.544,2.786
-1.406,0.807,2.591
-1.284,0.891,2.223
-0.778,0.973,1.972
-0.204,0.866,1.322
0.072,0.737,0.571
0.593,0.423,0.213
0.811,0.211,-0.418
1.134,0.038,-0.892
1.361,-0.132,-1.041
1.421,-0.398,-1.294
1.451,-0.427,-1.297
1.407,-0.465,-1.244
1.358,-0.413,-1.027
1.226,-0.357,-0.741
1.061,-0.233,-0.585
0.855,-0.083,-0.268
0.741,0.004,0.081
0.506,0.164,0.256
0.271,0.271,0.586
0.187,0.296,0.837
0.014,0.295,0.944
-0.057,0.281,1.118
-0.163,0.241,1.183
-0.239,0.199,1.277
-0.268,0.185,1.343
-0.287,0.176,1.364
-0.257,0.147,1.384
-0.240,0.135,1.358
-0.195,0.103,1.332
-0.168,0.089,1.262
-0.095,0.082,1.160
-0.009,0.061,1.105
0.034,0.033,0.981
0.114,0.020,0.922
0.140,0.004,0.810
0.169,-0.003,0.639
0.185,-0.005,0.709
0.193,0.000,0.678
0.211,-0.006,0.674
0.232,-0.037,0.678
0.238,-0.055,0.704
0.231,-0.052,0.855
0.212,-0.030,0.805
0.197,-0.014,0.893
0.165,-0.012,0.940
0.140,0.002,1.050
0.133,-0.004,1.161
0.116,-0.029,1.199
0.112,-0.058,1.259
0.119,-0.072,1.285
0.126,-0.087,1.294
0.130,-0.105,1.296
0.138,-0.108,1.300
-0.018,-0.956,1.031
-0.003,-0.982,1.034
0.007,-0.995,1.035
0.017,-1.010,1.030
0.022,-1.023,1.022
0.026,-1.036,0.999
0.023,-1.059,0.989
0.024,-1.071,0.974
0.024,-1.071,0.966
0.008,-1.090,0.945
-0.001,-1.094,0.925
-0.015,-1.099,0.916
-0.028,-1.103,0.897
-0.035,-1.100,0.872
-0.043,-1.096,0.843
-0.041,-1.081,0.834
-0.025,-1.069,0.807
-0.018,-1.060,0.793
-0.010,-1.084,0.779
0.003,-1.081,0.752
0.009,-1.074,0.725
0.039,-1.069,0.716
0.061,-1.055,0.695
0.071,-1.051,0.665
0.091,-1.037,0.658
0.100,-1.049,0.630
0.125,-1.046,0.600
0.151,-1.040,0.585
0.161,-1.007,0.555
0.180,-1.001,0.538
0.190,-0.969,0.507
0.191,-0.958,0.483
0.200,-0.954,0.481
0.203,-0.967,0.461
0.225,-0.966,0.447
0.244,-0.980,0.431
0.255,-0.956,0.408
0.298,-0.910,0.375
0.332,-0.809,0.343
0.354,-0.642,0.289
0.412,-0.524,0.264
0.448,-0.246,0.243
0.474,0.059,0.212
0.571,0.235,0.261
0.696,0.625,0.311
0.762,1.030,0.421
0.902,1.202,0.590
1.054,1.471,0.564
1.135,1.549,0.659
1.281,1.664,0.693
1.341,1.798,0.763
1.429,1.871,0.830
1.468,2.079,0.834
1.429,2.202,0.822
1.253,2.239,0.836
0.876,2.278,0.801
0.741,2.342,1.038
0.298,2.675,1.275
0.093,2.972,1.995
-0.346,2.960,2.804
-0.981,2.740,3.159
-1.318,2.409,3.758
-1.843,2.402,4.120
-2.126,2.396,3.892
-2.300,2.132,3.632
-2.562,1.809,3.566
-2.688,1.336,3.372
-2.854,1.209,3.666
-2.626,1.300,3.966
-2.440,1.390,4.380
-2.036,1.389,4.167
-1.372,1.228,3.893
-0.946,0.925,3.131
-0.077,0.756,2.140
0.657,0.410,1.603
0.960,0.088,0.605
1.408,-0.074,0.177
1.667,-0.368,-0.510
1.726,-0.396,-1.030
1.709,-0.447,-1.263
1.565,-0.398,-1.371
1.488,-0.260,-1.477
1.197,-0.142,-1.357
0.925,0.062,-1.279
0.798,0.242,-1.047
0.600,0.302,-0.770
0.458,0.405,-0.606
0.392,0.483,-0.257
0.249,0.515,0.124
0.129,0.537,0.303
0.069,0.384,0.629
-0.039,0.439,0.773
-0.214,0.348,1.009
-0.176,0.320,1.195
-0.232,0.292,1.266
-0.243,0.293,1.346
-0.225,0.278,1.366
-0.163,0.261,1.324
-0.083,0.213,1.277
-0.046,0.177,1.151
0.008,0.171,0.994
0.063,0.162,0.919
0.085,0.171,0.783
0.121,0.177,0.716
0.136,0.169,0.611
0.139,0.181,0.527
0.145,0.195,0.513
0.156,0.190,0.515
0.169,0.189,0.533
0.181,0.168,0.604
0.188,0.158,0.698
0.195,0.138,0.754
0.190,0.109,0.869
0.172,0.093,0.980
0.148,0.068,1.040
0.138,0.061,1.149
0.123,0.057,1.195
0.116,0.061,1.278
0.115,0.047,1.308
-0.095,-0.887,1.069
-0.087,-0.949,1.054
-0.059,-0.980,1.061
-0.028,-1.053,1.066
-0.012,-1.125,1.065
0.019,-1.164,1.057
0.054,-1.246,1.051
0.092,-1.330,1.029
0.104,-1.369,1.008
0.116,-1.474,0.991
0.111,-1.562,0.945
0.095,-1.591,0.878
0.063,-1.622,0.845
0.046,-1.642,0.786
0.011,-1.647,0.747
-0.010,-1.697,0.721
-0.035,-1.734,0.681
-0.070,-1.757,0.666
-0.096,-1.744,0.627
-0.074,-1.760,0.652
-0.053,-1.766,0.673
-0.018,-1.771,0.670
0.027,-1.860,0.672
0.055,-1.952,0.660
0.133,-2.116,0.651
0.236,-2.046,0.640
0.350,-2.092,0.606
0.422,-2.103,0.549
0.553,-2.084,0.503
0.687,-2.055,0.405
0.767,-2.044,0.296
0.935,-1.974,0.249
1.005,-1.869,0.153
1.130,-1.789,0.055
1.280,-1.593,0.002
1.368,-1.376,-0.131
1.546,-1.215,-0.290
1.669,-0.774,-0.370
1.714,-0.326,-0.529
1.756,-0.110,-0.682
1.717,0.407,-0.727
1.666,1.138,-0.639
1.524,1.551,-0.272
1.301,2.441,-0.037
1.146,3.304,0.536
0.815,3.664,1.111
0.543,4.270,1.469
0.397,4.662,2.103
0.126,4.669,2.347
-0.145,4.384,2.569
-0.395,4.169,2.799
-0.698,4.343,3.018
-0.834,4.527,3.557
-1.025,4.449,4.035
-1.711,3.852,4.155
-2.434,3.074,4.374
-2.729,2.642,4.656
-3.123,2.564,4.357
-3.402,2.110,4.206
-3.535,1.766,3.964
-3.675,1.705,3.766
-3.297,1.646,3.690
-2.923,1.598,3.500
-1.888,1.481,3.066
-0.714,1.024,2.661
-0.136,0.479,1.673
0.878,0.180,1.151
1.681,-0.294,0.244
1.897,-0.508,-0.480
2.154,-0.729,-0.782
2.216,-0.707,-1.208
2.180,-0.635,-1.481
1.922,-0.558,-1.473
1.634,-0.220,-1.243
1.398,-0.151,-1.152
1.107,0.055,-0.677
0.813,0.102,-0.506
0.377,0.220,-0.108
0.298,0.285,0.272
0.013,0.460,0.454
-0.114,0.531,0.702
-0.252,0.555,0.852
-0.355,0.486,0.874
-0.351,0.458,0.988
-0.304,0.429,0.994
-0.206,0.394,0.998
-0.143,0.316,0.960
-0.024,0.268,0.786
0.085,0.177,0.780
0.134,0.019,0.649
0.210,0.098,0.587
0.238,0.073,0.496
0.266,0.069,0.436
0.287,0.069,0.421
0.295,0.020,0.400
0.304,0.015,0.389
0.300,0.006,0.392
0.298,0.008,0.407
0.293,0.024,0.418
0.293,0.071,0.501
0.272,0.081,0.580
0.231,0.108,0.627
0.199,0.107,0.723
0.146,0.098,0.784
0.083,0.083,0.891
0.058,0.068,1.007
0.035,0.060,1.077
0.034,0.050,1.190
0.043,0.053,1.281
0.053,0.020,1.315
0.065,-0.013,1.353
0.097,-0.060,1.349
0.132,-0.092,1.316
0.142,-0.102,1.250
0.137,-0.106,1.209
0.133,-0.093,1.128
0.122,-0.081,1.052
0.105,-0.056,1.014
0.087,-0.030,0.954
-0.111,-0.843,1.003
-0.097,-0.907,1.055
-0.083,-0.976,1.104
-0.064,-1.007,1.140
-0.053,-1.088,1.153
-0.048,-1.182,1.148
-0.058,-1.238,1.115
-0.081,-1.336,1.093
-0.072,-1.400,1.040
-0.070,-1.434,0.982
-0.077,-1.522,0.952
-0.089,-1.608,0.895
-0.100,-1.648,0.834
-0.072,-1.722,0.797
-0.083,-1.795,0.731
-0.126,-1.829,0.667
-0.153,-1.858,0.639
-0.161,-1.885,0.594
-0.172,-1.899,0.547
-0.199,-1.889,0.527
-0.243,-1.905,0.489
-0.263,-1.858,0.493
-0.314,-1.823,0.507
-0.353,-1.759,0.529
-0.367,-1.716,0.578
-0.378,-1.695,0.628
-0.384,-1.658,0.650
-0.377,-1.617,0.698
-0.344,-1.594,0.733
-0.282,-1.577,0.745
-0.196,-1.561,0.728
-0.134,-1.556,0.658
0.014,-1.558,0.610
0.224,-1.521,0.485
0.269,-1.492,0.283
0.429,-1.443,0.158
0.593,-1.321,-0.081
0.686,-1.146,-0.315
0.900,-1.036,-0.572
1.065,-0.786,-0.709
1.165,-0.473,-0.908
1.389,-0.300,-1.021
1.592,0.130,-1.046
1.633,0.751,-0.974
1.668,1.143,-0.694
1.646,1.938,-0.526
1.638,2.571,-0.056
1.585,2.821,0.503
1.524,3.253,0.808
1.479,3.573,1.423
1.427,3.639,1.710
1.267,3.575,2.084
1.174,3.444,2.236
0.836,3.359,2.406
0.693,3.885,3.077
0.481,4.187,3.995
0.016,4.146,4.263
-0.303,3.566,4.947
-0.964,3.209,5.275
-1.329,2.521,5.702
-2.114,3.032,6.014
-2.344,1.583,5.775
-2.657,1.248,4.982
-3.059,1.232,4.738
-3.069,0.928,4.824
-2.940,1.291,4.675
-2.578,1.411,4.360
-1.375,1.639,4.099
-1.022,1.284,2.867
-0.011,1.183,1.656
0.976,0.610,1.013
1.354,0.374,-0.074
1.820,-0.060,-0.538
2.072,-0.279,-1.195
2.075,-0.342,-1.644
1.965,-0.429,-1.787
1.693,-0.382,-2.001
1.607,-0.217,-1.834
1.425,-0.078,-1.241
0.933,0.060,-1.301
0.834,0.312,-0.678
0.757,0.261,-0.297
0.433,0.228,-0.080
0.329,0.279,0.266
0.191,0.326,0.445
0.046,0.393,0.794
-0.037,0.447,1.037
-0.163,0.510,1.143
-0.211,0.480,1.303
-0.287,0.454,1.370
-0.293,0.406,1.386
-0.272,0.346,1.368
-0.190,0.325,1.341
-0.070,0.261,1.232
-0.013,0.219,1.089
0.095,0.151,1.017
0.142,0.125,0.890
0.231,0.112,0.746
0.291,0.087,0.676
0.314,0.068,0.551
0.345,0.032,0.488
0.362,0.003,0.386
0.363,-0.007,0.297
0.347,-0.002,0.270
0.315,0.024,0.256
0.294,0.047,0.307
0.237,0.110,0.350
0.212,0.136,0.517
0.154,0.128,0.733
0.107,0.122,0.806
0.082,0.115,1.005
0.048,0.071,1.094
0.036,0.020,1.242
0.027,-0.006,1.333
0.032,-0.049,1.367
0.041,-0.074,1.418
0.060,-0.073,1.434
0.084,-0.065,1.428
0.095,-0.051,1.363
-0.107,-0.837,1.091
-0.081,-0.882,1.093
-0.050,-0.906,1.080
-0.025,-0.955,1.075
-0.006,-0.995,1.059
0.004,-1.022,1.039
0.023,-1.038,1.032
0.034,-1.057,1.018
0.037,-1.085,1.006
0.034,-1.096,0.994
0.026,-1.111,0.984
0.008,-1.133,0.976
-0.002,-1.141,0.966
-0.028,-1.167,0.961
-0.055,-1.220,0.954
-0.061,-1.267,0.950
-0.068,-1.300,0.943
-0.077,-1.384,0.936
-0.061,-1.529,0.941
-0.099,-1.526,0.877
-0.140,-1.450,0.858
-0.008,-1.522,0.850
-0.115,-1.541,0.838
-0.107,-1.543,0.821
-0.108,-1.530,0.822
-0.109,-1.505,0.825
-0.109,-1.480,0.848
-0.081,-1.441,0.855
-0.040,-1.400,0.867
-0.013,-1.250,0.874
0.033,-1.332,0.867
0.076,-1.314,0.845
0.087,-1.283,0.802
0.116,-1.271,0.745
0.172,-1.244,0.711
0.213,-1.193,0.665
0.310,-1.178,0.561
0.396,-1.149,0.504
0.426,-1.096,0.386
0.514,-1.076,0.341
0.673,-1.017,0.261
0.750,-0.918,0.117
0.888,-0.843,-0.000
1.072,-0.683,-0.050
1.170,-0.434,-0.159
1.329,-0.269,-0.277
1.404,0.116,-0.325
1.417,0.595,-0.380
1.396,0.869,-0.309
1.333,1.448,-0.237
1.293,1.995,-0.062
1.275,2.204,0.212
1.275,2.416,0.383
1.253,2.448,0.695
1.257,2.480,0.991
1.238,2.605,1.085
1.191,2.853,1.144
1.039,2.960,1.083
0.767,3.117,1.087
0.612,3.453,1.369
0.322,3.725,1.662
0.002,3.932,2.438
-0.251,3.429,3.261
-0.944,3.065,3.697
-1.500,2.726,4.401
-1.818,2.424,4.382
-2.691,2.103,4.180
-2.926,2.080,4.149
-3.608,1.899,3.442
-3.810,1.883,3.426
-3.805,1.883,3.625
-3.774,2.010,3.750
-3.147,2.209,3.692
-2.603,2.150,3.223
-1.314,1.748,2.870
-0.652,1.104,1.876
0.642,0.775,0.796
1.711,0.063,0.283
2.120,-0.577,-0.544
2.579,-0.790,-0.974
2.796,-0.930,-1.118
2.765,-0.872,-1.400
2.515,-0.738,-1.447
1.974,-0.673,-1.473
1.727,-0.230,-1.315
1.290,-0.107,-0.998
0.858,0.122,-0.835
0.408,0.263,-0.433
0.299,0.321,0.052
-0.080,0.489,0.288
-0.400,0.670,0.753
-0.526,0.753,1.127
-0.714,0.753,1.278
-0.788,0.713,1.497
-0.769,0.586,1.610
-0.629,0.508,1.601
-0.403,0.338,1.561
-0.155,0.180,1.428
-0.061,0.129,1.253
0.113,0.070,1.159
0.215,0.061,0.977
0.241,0.062,0.816
0.266,0.058,0.747
0.272,0.043,0.639
0.263,0.041,0.562
0.233,0.067,0.546
0.220,0.100,0.560
0.156,0.122,0.606
0.109,0.159,0.634
0.090,0.174,0.684
0.060,0.163,0.713
0.061,0.120,0.815
0.061,0.106,0.913
0.053,0.112,0.965
0.050,0.122,1.080
0.052,0.113,1.173
0.053,0.081,1.201
0.059,0.063,1.238
0.071,0.056,1.246
0.123,-1.100,0.851
0.139,-1.151,0.834
0.170,-1.175,0.816
0.193,-1.199,0.802
0.204,-1.215,0.792
0.232,-1.218,0.793
0.237,-1.208,0.799
0.230,-1.206,0.806
0.216,-1.204,0.818
0.199,-1.217,0.848
0.188,-1.219,0.872
0.172,-1.212,0.878
0.161,-1.203,0.883
0.155,-1.211,0.873
0.143,-1.237,0.861
0.005,-1.241,0.831
0.108,-1.242,0.792
0.105,-1.257,0.769
0.109,-1.284,0.702
0.113,-1.294,0.619
0.113,-1.327,0.572
0.118,-1.341,0.484
0.121,-1.344,0.388
0.125,-1.329,0.349
0.126,-1.325,0.255
0.133,-1.275,0.205
0.148,-1.254,0.150
0.175,-1.180,0.149
0.200,-1.107,0.147
0.251,-1.070,0.170
0.325,-1.004,0.188
0.359,-0.883,0.211
0.424,-0.791,0.273
0.467,-0.606,0.307
0.481,-0.413,0.392
0.515,-0.313,0.461
0.575,-0.133,0.475
0.616,0.079,0.486
0.708,0.202,0.509
0.746,0.431,0.522
0.842,0.518,0.529
1.017,0.642,0.563
1.099,0.814,0.613
1.194,0.906,0.632
1.197,1.185,0.663
1.120,1.405,0.699
0.974,1.893,0.745
0.872,2.376,0.852
0.675,2.491,1.006
0.444,2.580,1.115
0.284,2.704,1.430
0.016,3.074,1.677
-0.114,3.298,2.211
-0.474,3.259,2.891
-1.007,2.959,3.231
-1.634,2.682,3.839
-1.997,2.530,4.208
-2.734,2.481,4.183
-2.951,2.181,3.543
-3.183,1.815,3.048
-3.796,1.165,2.887
-3.929,1.213,3.150
-3.817,1.534,3.536
-3.407,2.035,4.161
-3.156,2.149,4.092
-2.167,1.949,3.797
-1.536,1.364,2.969
-0.162,1.012,2.009
1.146,0.369,1.471
1.642,-0.143,0.370
2.276,-0.348,-0.495
2.631,-0.575,-0.768
2.642,-0.427,-1.155
2.473,-0.502,-1.298
2.096,-0.258,-1.290
1.746,-0.041,-1.192
1.410,0.088,-0.952
1.051,0.249,-0.800
0.887,0.378,-0.542
0.629,0.437,-0.223
0.429,0.516,-0.032
0.305,0.551,0.232
0.054,0.572,0.528
-0.111,0.592,0.677
-0.186,0.574,0.890
-0.281,0.550,0.989
-0.284,0.479,1.115
-0.258,0.440,1.142
-0.165,0.358,1.115
-0.109,0.301,1.025
0.046,0.265,0.867
0.185,0.201,0.787
0.248,0.128,0.676
0.322,0.109,0.502
0.329,0.103,0.538
0.329,0.102,0.508
0.305,0.134,0.498
0.293,0.149,0.495
0.261,0.143,0.492
0.224,0.131,0.509
0.205,0.127,0.573
0.158,0.125,0.617
0.137,0.128,0.736
0.103,0.134,0.847
0.069,0.138,0.898
0.065,0.120,1.007
0.058,0.114,1.108
0.053,0.116,1.153
0.052,0.111,1.233
0.079,0.099,1.271
0.093,0.057,1.300
0.102,0.042,1.299
0.108,0.034,1.300
0.110,0.016,1.277
0.112,0.008,1.137
0.109,-0.001,1.231
0.103,-0.002,1.200
0.092,0.003,1.182
0.078,0.014,1.137
-1.141,-0.546,-0.319
-1.195,-0.532,-0.280
-1.251,-0.506,-0.247
-1.281,-0.490,-0.204
-1.335,-0.485,-0.164
-1.373,-0.467,-0.130
-1.407,-0.471,-0.117
-1.419,-0.484,-0.114
-1.435,-0.489,-0.112
-1.434,-0.522,-0.114
-1.414,-0.565,-0.116
-1.403,-0.621,-0.131
-1.374,-0.651,-0.151
-1.337,-0.708,-0.171
-1.295,-0.761,-0.179
-1.248,-0.805,-0.190
-1.230,-0.829,-0.230
-1.192,-0.807,-0.268
-1.177,-0.870,-0.300
-1.147,-0.747,-0.266
-1.119,-0.763,-0.276
-1.109,-0.718,-0.237
-1.092,-0.690,-0.238
-1.082,-0.657,-0.234
-1.041,-0.642,-0.221
-1.010,-0.616,-0.209
-0.988,-0.590,-0.169
-0.971,-0.585,-0.093
-0.946,-0.586,-0.004
-0.924,-0.571,0.042
-0.912,-0.556,0.130
-0.891,-0.552,0.215
-0.887,-0.538,0.260
-0.889,-0.509,0.348
-0.904,-0.487,0.440
-0.928,-0.436,0.488
-0.982,-0.378,0.583
-1.011,-0.341,0.670
-1.053,-0.346,0.731
-1.057,-0.381,0.749
-1.050,-0.445,0.755
-1.013,-0.488,0.748
-0.957,-0.573,0.736
-0.893,-0.647,0.709
-0.863,-0.735,0.683
-0.818,-0.777,0.661
-0.768,-0.840,0.627
-0.742,-0.888,0.605
-0.686,-0.907,0.588
-0.636,-0.937,0.575
-0.614,-0.960,0.548
-0.567,-0.961,0.528
-0.514,-0.945,0.510
-0.492,-0.931,0.473
-0.458,-0.922,0.450
-0.420,-0.902,0.444
-0.405,-0.865,0.439
-0.377,-0.849,0.440
-0.359,-0.776,0.462
-0.369,-0.691,0.509
-0.380,-0.510,0.537
-0.389,-0.535,0.540
-0.375,-0.441,0.560
-0.353,-0.342,0.570
-0.291,-0.283,0.561
-0.225,-0.149,0.551
-0.190,-0.008,0.493
-0.102,0.125,0.415
0.012,0.198,0.369
0.132,0.336,0.280
0.187,0.411,0.184
0.339,0.549,0.182
0.410,0.622,0.150
0.553,0.655,0.142
0.707,0.691,0.132
0.787,0.734,0.153
0.946,0.771,0.172
1.023,0.887,0.231
1.190,0.953,0.312
1.320,1.128,0.365
1.479,1.292,0.488
1.422,1.372,0.626
1.534,1.501,0.703
1.601,1.573,0.847
1.707,1.582,0.952
1.788,1.551,1.006
1.803,1.547,1.165
1.807,1.566,1.443
1.746,1.587,1.616
1.695,1.424,2.065
1.588,1.342,2.352
1.401,0.956,2.990
1.318,0.714,3.694
0.901,0.150,4.028
0.637,-0.133,4.501
0.297,0.039,4.493
-0.101,-0.024,4.242
-0.424,0.012,3.894
-1.064,0.141,3.296
-1.609,0.449,3.015
-1.817,0.755,2.623
-2.036,0.923,2.493
-2.056,1.263,2.461
-1.999,1.613,2.321
-1.606,1.742,1.977
-0.949,1.760,1.727
-0.244,1.463,1.110
0.100,1.121,0.455
0.705,0.748,-0.225
1.190,0.257,-0.372
1.392,-0.190,-0.735
1.709,-0.346,-0.944
1.883,-0.750,-0.999
1.921,-0.882,-1.032
1.949,-0.953,-0.994
1.889,-0.981,-0.959
1.841,-0.915,-0.844
1.711,-0.870,-0.707
1.540,-0.744,-0.640
1.374,-0.576,-0.450
1.177,-0.508,-0.327
0.947,-0.337,-0.244
0.707,-0.106,-0.053
0.592,0.014,0.195
0.379,0.214,0.448
0.210,0.366,0.580
0.143,0.433,0.820
0.058,0.439,0.931
0.032,0.400,1.139
0.046,0.307,1.303
0.088,0.256,1.363
0.242,0.145,1.449
0.191,0.092,1.476
0.268,-0.005,1.473
0.303,-0.081,1.410
0.382,-0.119,1.346
0.427,-0.180,1.289
0.437,-0.223,1.179
0.476,-0.239,1.094
0.489,-0.253,1.043
0.488,-0.251,0.959
0.492,-0.251,0.928
0.480,-0.252,0.876
0.476,-0.258,0.850
0.468,-0.262,0.840
0.463,-0.262,0.838
0.449,-0.262,0.862
0.439,-0.248,0.886
0.431,-0.239,0.937
0.422,-0.227,0.978
0.414,-0.181,1.012
0.402,-0.155,1.076
0.376,-0.147,1.111
0.348,-0.150,1.131
0.325,-0.160,1.139
0.317,-0.172,1.151
0.302,-0.183,1.159
0.295,-0.205,1.162
0.296,-0.230,1.162
0.305,-0.246,1.158
0.292,-0.271,1.148
0.284,-0.271,1.124
0.272,-0.265,1.097
0.261,-0.248,1.078
0.254,-0.220,1.034
0.241,-0.210,0.990
0.229,-0.200,0.966
0.219,-0.174,0.910
0.183,-0.155,0.851
0.156,-0.118,0.825
0.143,-0.101,0.774
0.129,-0.098,0.729
0.115,-0.094,0.707
0.111,-0.098,0.675
0.107,-0.102,0.669
0.113,-0.106,0.674
0.244,-0.116,0.691
0.137,-0.121,0.724
0.158,-0.128,0.742
0.171,-0.147,0.783
0.197,-0.161,0.822
0.216,-0.194,0.842
0.227,-0.213,0.888
0.244,-0.219,0.931
0.258,-0.231,0.951
0.263,-0.245,0.987
0.270,-0.256,1.013
0.278,-0.272,1.024
0.280,-0.284,1.038
0.284,-0.285,1.047
0.285,-0.293,1.048
0.284,-0.296,1.043
0.273,-0.298,1.027
0.270,-0.296,1.019
0.258,-0.288,1.003
0.254,-0.275,0.990
0.244,-0.267,0.985
0.235,-0.247,0.971
0.230,-0.226,0.963
0.223,-0.211,0.964
0.215,-0.185,0.967
0.209,-0.168,0.970
0.202,-0.163,0.976
0.199,-0.155,0.983
0.199,-0.156,0.997
0.196,-0.159,1.006
0.204,-0.169,1.022
0.210,-0.181,1.039
0.225,-0.190,1.050
0.239,-0.209,1.052
0.246,-0.225,1.051
0.252,-0.239,1.046
0.261,-0.244,1.046
0.264,-0.251,1.046
0.266,-0.254,1.048
0.267,-0.256,1.049
0.271,-0.260,1.050
0.273,-0.263,1.051
0.272,-0.264,1.049
0.268,-0.259,1.044
0.266,-0.255,1.038
0.259,-0.244,1.036
0.256,-0.235,1.028
0.250,-0.233,1.020
0.244,-0.233,1.012
0.244,-0.233,0.995
0.238,-0.230,0.983
0.236,-0.225,0.977
0.238,-0.215,0.967
0.242,-0.208,0.962
0.239,-0.190,0.959
0.238,-0.182,0.956
0.233,-0.179,0.951
0.237,-0.174,0.951
0.235,-0.175,0.952
0.233,-0.175,0.945
0.232,-0.178,0.942
0.231,-0.178,0.941
-1.161,-0.500,-0.409
-1.178,-0.557,-0.428
-1.194,-0.615,-0.472
-1.198,-0.670,-0.503
-1.194,-0.690,-0.520
-1.194,-0.728,-0.523
-1.193,-0.763,-0.524
-1.190,-0.777,-0.520
-1.178,-0.804,-0.514
-1.165,-0.818,-0.511
-1.168,-0.815,-0.511
-1.156,-0.818,-0.477
-1.139,-0.815,-0.454
-1.119,-0.813,-0.405
-1.105,-0.795,-0.362
-1.070,-0.793,-0.346
-1.063,-0.764,-0.332
-1.080,-0.764,-0.335
-1.050,-0.787,-0.268
-1.037,-0.719,-0.217
-0.990,-0.736,-0.129
-0.968,-0.730,-0.032
-0.922,-0.729,0.030
-0.899,-0.750,0.049
-0.892,-0.779,0.100
-0.857,-0.790,0.187
-0.830,-0.826,0.224
-0.817,-0.855,0.298
-0.812,-0.881,0.363
-0.821,-0.896,0.400
-0.830,-0.932,0.417
-0.834,-0.983,0.446
-0.848,-1.005,0.479
-0.851,-1.045,0.502
-0.856,-1.061,0.564
-0.878,-1.068,0.629
-0.899,-1.086,0.661
-0.908,-1.099,0.702
-0.912,-1.099,0.715
-0.912,-1.092,0.722
-0.941,-1.041,0.728
-0.978,-0.997,0.746
-0.990,-0.981,0.757
-1.011,-0.977,0.759
-1.023,-0.982,0.747
-1.020,-1.001,0.704
-1.005,-1.021,0.642
-0.984,-1.051,0.608
-0.933,-1.036,0.563
-0.899,-1.076,0.544
-0.817,-1.068,0.486
-0.723,-1.038,0.447
-0.610,-0.992,0.388
-0.549,-0.929,0.333
-0.406,-0.907,0.302
-0.236,-0.873,0.255
-0.153,-0.822,0.216
0.017,-0.653,0.166
0.194,-0.640,0.012
0.366,-0.466,0.070
0.458,-0.280,0.010
0.635,-0.175,-0.020
0.776,0.073,-0.022
0.835,0.379,0.036
0.941,0.520,0.146
1.059,0.834,0.255
1.117,1.129,0.472
1.187,1.266,0.549
1.382,1.453,0.756
1.487,1.562,0.930
1.669,1.604,1.068
1.823,1.718,1.129
1.887,1.771,1.216
1.985,1.837,1.264
1.992,1.829,1.372
2.012,1.897,1.527
1.982,2.084,1.658
1.942,2.239,2.110
1.810,2.264,2.635
1.511,2.217,2.924
1.290,1.879,3.592
0.705,1.728,3.985
0.206,1.718,4.564
-0.244,1.464,4.419
-1.092,0.998,4.541
-1.553,0.929,4.314
-2.553,0.991,3.962
-2.961,1.327,4.049
-3.114,1.794,4.590
-3.322,2.129,5.011
-3.029,2.606,4.933
-2.662,2.650,4.220
-1.633,2.460,3.032
-0.331,1.901,2.348
0.327,1.596,0.889
1.424,0.837,0.175
1.812,0.055,-1.074
2.327,-0.293,-1.942
2.632,-0.807,-2.193
2.639,-0.984,-2.465
2.571,-1.006,-2.390
2.330,-0.929,-2.296
1.987,-0.693,-1.958
1.801,-0.386,-1.503
1.403,-0.250,-1.067
1.105,-0.046,-0.810
0.971,0.102,-0.368
0.671,0.197,-0.008
0.385,0.373,0.153
0.239,0.556,0.449
-0.020,0.623,0.684
-0.176,0.674,0.773
-0.217,0.651,0.899
-0.208,0.622,0.947
-0.142,0.524,0.943
-0.026,0.408,0.895
0.061,0.347,0.880
0.214,0.232,0.863
0.295,0.123,0.871
-1.410,-0.238,0.359
-1.391,-0.292,0.348
-1.374,-0.328,0.338
-1.365,-0.351,0.318
-1.338,-0.391,0.298
-1.317,-0.426,0.282
-1.311,-0.442,0.226
-1.294,-0.439,0.183
-1.264,-0.423,0.168
-1.248,-0.398,0.146
-1.215,-0.390,0.121
-1.198,-0.379,0.111
-1.189,-0.358,0.104
-1.161,-0.357,0.121
-1.132,-0.360,0.153
-1.099,-0.372,0.183
-1.080,-0.407,0.264
-1.046,-0.427,0.359
-1.010,-0.467,0.405
-0.988,-0.497,0.492
-0.977,-0.528,0.565
-0.970,-0.610,0.590
-0.980,-0.685,0.621
-0.982,-0.737,0.627
-0.995,-0.753,0.610
-1.002,-0.775,0.582
-1.006,-0.783,0.553
-1.012,-0.795,0.537
-1.015,-0.814,0.492
-1.019,-0.841,0.456
-1.036,-0.850,0.424
-1.048,-0.841,0.347
-1.055,-0.828,0.267
-1.058,-0.823,0.190
-1.035,-0.829,0.158
-0.976,-0.878,0.118
-0.947,-0.914,0.096
-0.886,-1.022,0.088
-0.839,-1.099,0.062
-0.825,-1.139,0.069
-0.814,-1.132,0.060
-0.769,-1.087,0.060
-0.697,-1.053,0.077
-0.644,-1.017,0.099
-0.522,-0.994,0.120
-0.389,-0.907,0.131
-0.325,-0.767,0.132
-0.192,-0.695,0.124
-0.017,-0.587,0.116
0.196,-0.527,0.073
0.309,-0.382,-0.001
0.545,-0.416,-0.100
0.793,-0.226,-0.157
0.928,0.002,-0.211
1.191,0.094,-0.229
1.409,0.260,-0.292
1.511,0.482,-0.306
1.689,0.643,-0.300
1.890,1.006,-0.174
1.990,1.199,-0.005
2.196,1.486,0.072
2.327,1.682,0.280
2.570,1.740,0.567
2.695,1.794,0.679
2.742,1.860,0.970
2.803,1.928,1.127
2.793,2.086,1.486
2.726,2.163,1.945
2.624,2.283,2.233
2.436,2.209,2.984
2.317,2.092,4.049
1.731,1.690,4.636
1.259,1.468,5.627
0.276,1.578,5.824
-0.679,1.671,5.719
-1.356,1.799,4.996
-2.528,2.446,4.419
-3.335,3.126,3.407
-3.484,3.409,2.897
-3.576,3.695,2.826
-3.498,3.660,2.797
-2.892,3.410,2.566
-1.674,2.582,2.286
-0.947,1.501,1.500
0.471,0.963,0.645
1.634,-0.041,0.278
2.074,-0.972,-0.386
2.605,-1.304,-0.874
2.832,-1.651,-1.029
2.789,-1.649,-1.206
2.678,-1.382,-1.247
2.342,-1.179,-1.216
1.957,-0.752,-1.060
1.770,-0.383,-0.811
1.389,-0.244,-0.528
1.087,-0.057,-0.362
0.837,0.106,-0.029
0.706,0.250,0.267
0.465,0.292,0.413
0.356,0.365,0.647
0.161,0.391,0.850
0.029,0.442,0.939
-0.021,0.457,1.065
-0.102,0.459,1.142
-0.099,0.469,1.176
-0.084,0.447,1.208
-0.025,0.429,1.188
0.077,0.366,1.163
0.126,0.275,1.072
0.237,0.221,0.956
0.331,0.123,0.891
0.360,0.062,0.764
0.394,0.042,0.713
0.394,0.019,0.633
0.381,0.013,0.581
0.360,0.015,0.569
0.351,0.019,0.562
0.348,0.022,0.591
0.347,0.029,0.619
-1.086,-0.377,-0.448
-1.082,-0.384,-0.448
-1.079,-0.403,-0.429
-1.062,-0.413,-0.423
-1.070,-0.446,-0.423
-1.062,-0.463,-0.415
-1.052,-0.487,-0.387
-1.051,-0.496,-0.369
-1.051,-0.497,-0.357
-1.054,-0.489,-0.325
-1.057,-0.455,-0.287
-1.067,-0.442,-0.234
-1.077,-0.432,-0.189
-1.083,-0.415,-0.166
-1.082,-0.437,-0.122
-1.067,-0.436,-0.077
-1.062,-0.419,-0.039
-1.054,-0.444,0.023
-1.069,-0.430,0.065
-1.041,-0.433,0.097
-1.037,-0.429,0.153
-1.037,-0.431,0.197
-1.047,-0.409,0.242
-1.054,-0.394,0.258
-1.061,-0.397,0.299
-1.064,-0.405,0.321
-1.059,-0.412,0.334
-1.050,-0.443,0.349
-1.045,-0.485,0.357
-1.031,-0.499,0.360
-1.029,-0.488,0.371
-1.036,-0.478,0.368
-1.060,-0.461,0.366
-1.079,-0.431,0.362
-1.085,-0.418,0.361
-1.094,-0.414,0.366
-1.094,-0.405,0.377
-1.093,-0.397,0.400
-1.109,-0.390,0.422
-1.123,-0.345,0.442
-1.136,-0.325,0.485
-1.148,-0.324,0.542
-1.139,-0.332,0.566
-1.116,-0.363,0.607
-1.104,-0.410,0.641
-1.086,-0.440,0.657
-1.065,-0.489,0.658
-1.063,-0.525,0.635
-1.063,-0.540,0.598
-1.061,-0.562,0.582
-1.061,-0.573,0.542
-1.065,-0.576,0.484
-1.088,-0.586,0.448
-1.106,-0.613,0.372
-1.114,-0.664,0.291
-1.145,-0.689,0.247
-1.161,-0.720,0.166
-1.156,-0.735,0.072
-1.133,-0.737,-0.025
-1.108,-0.755,-0.070
-1.098,-0.800,-0.146
-1.075,-0.827,-0.217
-1.040,-0.872,-0.244
-0.992,-0.918,-0.294
-0.944,-0.969,-0.320
-0.823,-1.005,-0.331
-0.677,-1.081,-0.353
-0.599,-1.139,-0.361
-0.439,-1.166,-0.373
-0.266,-1.203,-0.382
-0.108,-1.221,-0.407
-0.032,-1.199,-0.424
0.103,-1.170,-0.438
0.246,-1.107,-0.447
0.464,-1.063,-0.466
0.564,-1.039,-0.477
0.775,-0.937,-0.484
0.960,-0.781,-0.526
1.070,-0.580,-0.563
1.313,-0.474,-0.576
1.576,-0.270,-0.567
1.693,-0.023,-0.508
1.911,0.107,-0.340
2.078,0.441,-0.231
2.143,0.864,0.021
2.258,1.061,0.364
2.349,1.434,0.544
2.385,1.753,0.956
2.412,1.969,1.131
2.474,2.115,1.541
2.547,2.132,1.889
2.579,2.034,2.053
2.591,1.932,2.422
2.611,1.862,2.621
2.558,1.727,3.134
2.507,1.632,3.766
2.326,1.407,4.136
2.170,1.103,4.864
1.719,0.934,5.233
1.296,0.720,5.808
1.046,0.432,5.824
0.279,0.244,5.811
-0.146,0.590,5.353
-0.937,0.914,4.525
-1.526,1.542,4.067
-1.776,1.877,3.131
-2.148,1.935,2.321
-2.317,2.109,1.976
-2.532,2.174,1.449
-1.735,2.420,0.937
-1.744,2.217,0.765
-1.229,1.462,0.437
-0.444,1.159,-0.074
0.206,0.590,-0.269
0.973,-0.040,-0.504
1.147,-0.267,-0.643
1.544,-0.625,-0.654
1.828,-0.881,-0.637
1.888,-1.032,-0.544
1.908,-0.996,-0.354
1.757,-0.897,-0.168
1.524,-0.743,0.020
1.395,-0.661,0.193
1.139,-0.496,0.277
0.895,-0.331,0.402
0.791,-0.277,0.484
0.630,-0.211,0.522
0.543,-0.098,0.556
0.408,-0.094,0.586
0.212,0.010,0.623
0.122,0.118,0.718
-0.053,0.185,0.852
-0.203,0.322,0.923
-0.256,0.380,1.067
-0.343,0.426,1.104
-0.337,0.417,1.195
-0.321,0.397,1.231
-0.237,0.338,1.240
-0.177,0.235,1.253
-0.081,0.178,1.227
0.020,0.066,1.209
0.071,-0.036,1.166
0.176,-0.073,1.142
0.235,-0.159,1.110
0.276,-0.218,1.090
0.345,-0.244,1.070
0.382,-0.261,1.062
0.406,-0.276,1.041
0.413,-0.278,1.018
0.406,-0.279,0.999
0.407,-0.266,0.968
0.412,-0.271,0.946
0.406,-0.282,0.935
0.400,-0.296,0.920
0.384,-0.295,0.915
0.359,-0.279,0.915
0.344,-0.239,0.927
0.318,-0.222,0.951
0.289,-0.196,0.958
0.283,-0.172,0.957
0.264,-0.159,0.966
0.252,-0.154,0.971
0.251,-0.159,0.982
0.257,-0.171,0.982
0.268,-0.195,0.980
0.275,-0.219,0.975
0.281,-0.226,0.965
0.287,-0.235,0.961
0.287,-0.234,0.959
0.289,-0.233,0.967
0.285,-0.233,0.969
0.285,-0.234,0.965
0.271,-0.232,0.956
0.255,-0.226,0.952
0.241,-0.222,0.948
0.217,-0.220,0.948
0.195,-0.211,0.952
0.185,-0.195,0.962
0.163,-0.186,0.972
0.135,-0.156,0.978
0.122,-0.122,0.992
0.092,-0.103,1.000
0.076,-0.089,1.018
0.069,-0.084,1.033
0.061,-0.089,1.047
0.064,-0.098,1.067
0.067,-0.104,1.081
0.076,-0.109,1.086
0.085,-0.119,1.101
0.088,-0.130,1.108
0.100,-0.139,1.113
0.107,-0.142,1.118
0.113,-0.141,1.124
0.126,-0.148,1.126
0.135,-0.161,1.120
0.139,-0.162,1.107
0.153,-0.169,1.090
0.157,-0.173,1.081
0.153,-0.173,1.061
0.149,-0.172,1.052
0.154,-0.174,1.037
0.154,-0.174,1.026
0.146,-0.173,1.017
0.137,-0.172,1.004
0.130,-0.166,0.996
0.126,-0.159,0.992
0.124,-0.150,0.992
0.119,-0.139,0.993
0.101,-0.134,0.996
0.096,-0.127,0.996
0.091,-0.126,0.996
0.088,-0.126,0.998
0.088,-0.121,1.000
0.084,-0.128,1.009
0.084,-0.130,1.018
0.092,-0.138,1.024
0.095,-0.145,1.033
0.100,-0.138,1.048
0.111,-0.136,1.057
0.112,-0.136,1.068
0.121,-0.136,1.063
0.138,-0.139,1.060
0.148,-0.147,1.049
0.172,-0.155,1.025
0.189,-0.165,1.007
0.192,-0.173,0.966
0.198,-0.175,0.918
0.191,-0.179,0.898
0.187,-0.183,0.860
0.169,-0.179,0.829
0.142,-0.161,0.815
0.129,-0.145,0.807
0.099,-0.113,0.807
0.075,-0.090,0.818
0.064,-0.079,0.832
0.039,-0.060,0.840
0.031,-0.050,0.874
0.021,-0.056,0.911
-0.363,-0.369,-1.301
-0.378,-0.389,-1.305
-0.387,-0.419,-1.318
-0.410,-0.440,-1.337
-0.431,-0.479,-1.355
-0.446,-0.528,-1.386
-0.463,-0.554,-1.402
-0.477,-0.595,-1.412
-0.494,-0.632,-1.431
-0.503,-0.650,-1.427
-0.532,-0.651,-1.431
-0.582,-0.633,-1.442
-0.597,-0.599,-1.436
-0.648,-0.580,-1.436
-0.719,-0.535,-1.446
-0.778,-0.487,-1.469
-0.801,-0.458,-1.501
-0.834,-0.449,-1.548
-0.861,-0.440,-1.601
-0.875,-0.436,-1.626
-0.873,-0.443,-1.664
-0.864,-0.448,-1.699
-0.854,-0.442,-1.721
-0.838,-0.457,-1.719
-0.821,-0.477,-1.705
-0.803,-0.479,-1.675
-0.765,-0.495,-1.627
-0.724,-0.523,-1.595
-0.684,-0.538,-1.507
-0.661,-0.541,-1.397
-0.623,-0.525,-1.306
-0.593,-0.502,-1.261
-0.554,-0.488,-1.146
-0.547,-0.491,-1.040
-0.500,-0.485,-0.923
-0.444,-0.492,-0.865
-0.428,-0.521,-0.774
-0.415,-0.533,-0.691
-0.388,-0.561,-0.646
-0.367,-0.592,-0.572
-0.356,-0.627,-0.510
-0.329,-0.639,-0.461
-0.319,-0.674,-0.443
-0.318,-0.705,-0.406
-0.311,-0.718,-0.380
-0.303,-0.747,-0.373
-0.293,-0.785,-0.372
-0.293,-0.811,-0.397
-0.285,-0.825,-0.410
-0.294,-0.856,-0.419
-0.302,-0.864,-0.411
-0.311,-0.994,-0.394
-0.327,-0.885,-0.385
-0.327,-0.866,-0.374
-0.323,-0.842,-0.366
-0.338,-0.831,-0.337
-0.358,-0.807,-0.315
-0.345,-0.776,-0.275
-0.329,-0.746,-0.237
-0.306,-0.731,-0.199
-0.271,-0.713,-0.184
-0.259,-0.695,-0.147
-0.240,-0.681,-0.107
-0.210,-0.652,-0.092
-0.175,-0.622,-0.048
-0.156,-0.580,-0.007
-0.125,-0.560,0.022
-0.101,-0.511,0.037
-0.090,-0.458,0.057
-0.068,-0.431,0.069
-0.044,-0.362,0.073
-0.017,-0.280,0.084
0.007,-0.245,0.106
0.059,-0.178,0.116
0.096,-0.120,0.120
0.125,-0.033,0.119
0.185,0.014,0.119
0.234,0.085,0.126
0.265,0.132,0.170
0.344,0.165,0.198
0.387,0.270,0.276
0.445,0.319,0.365
0.490,0.405,0.416
0.516,0.502,0.524
0.592,0.545,0.570
0.689,0.615,0.648
0.741,0.639,0.706
0.846,0.697,0.726
0.860,0.812,0.743
0.932,0.845,0.789
0.950,0.933,0.824
0.982,1.001,0.897
0.992,1.077,0.911
1.005,1.141,1.034
1.019,1.235,1.127
0.987,1.224,1.186
0.973,1.293,1.303
0.923,1.319,1.351
0.763,1.348,1.463
0.818,1.342,1.597
0.732,1.279,1.666
0.687,1.190,1.848
0.571,1.129,2.073
0.440,1.028,2.193
0.411,1.102,2.354
0.370,0.997,2.377
0.141,0.695,2.503
0.014,0.622,2.728
-0.156,0.625,2.789
-0.363,0.623,2.831
-0.470,0.626,2.787
-0.667,0.621,2.728
-0.757,0.578,2.548
-0.912,0.562,2.342
-1.038,0.541,2.252
-1.072,0.566,2.103
-1.079,0.598,2.017
-0.978,0.654,1.992
-0.908,0.652,1.919
-0.644,0.631,1.775
-0.524,0.582,1.571
-0.265,0.546,1.326
-0.003,0.433,1.200
0.129,0.297,0.962
0.382,0.221,0.720
0.602,0.054,0.625
0.691,-0.032,0.428
0.827,-0.179,0.344
0.911,-0.278,0.232
0.933,-0.302,0.182
0.932,-0.317,0.180
0.918,-0.311,0.215
0.864,-0.306,0.284
0.784,-0.289,0.324
0.731,-0.247,0.419
0.628,-0.217,0.527
0.516,-0.136,0.581
0.457,-0.068,0.691
0.349,-0.048,0.795
0.251,-0.026,0.846
0.208,-0.017,0.934
0.128,-0.007,1.020
0.079,0.012,1.056
0.058,0.039,1.116
0.026,0.048,1.165
0.015,0.049,1.183
0.011,0.035,1.202
0.014,0.026,1.204
0.020,0.014,1.206
0.044,0.011,1.207
0.076,-0.011,1.200
0.092,-0.044,1.178
0.121,-0.059,1.155
0.152,-0.088,1.145
0.164,-0.114,1.126
0.196,-0.125,1.116
0.220,-0.145,1.112
0.231,-0.155,1.108
0.256,-0.161,1.103
0.273,-0.175,1.102
0.286,-0.191,1.109
0.300,-0.196,1.109
0.303,-0.200,1.113
0.304,-0.191,1.124
0.303,-0.185,1.127
0.299,-0.174,1.126
0.292,-0.164,1.115
0.274,-0.132,1.110
0.243,-0.110,1.097
0.226,-0.096,1.076
0.193,-0.091,1.070
0.167,-0.075,1.061
0.155,-0.067,1.051
0.146,-0.057,1.046
0.144,-0.057,1.026
0.133,-0.060,1.003
0.124,-0.065,0.997
0.120,-0.069,0.987
0.111,-0.073,0.983
0.105,-0.073,0.986
0.103,-0.069,0.995
0.096,-0.068,1.002
0.097,-0.065,1.005
0.092,-0.068,1.004
0.092,-0.069,1.001
0.087,-0.068,1.000
0.083,-0.062,1.002
0.078,-0.059,1.009
0.070,-0.060,1.014
0.070,-0.059,1.024
0.069,-0.050,1.033
0.069,-0.046,1.035
0.071,-0.041,1.037
0.072,-0.044,1.037
0.076,-0.043,1.035
0.074,-0.041,1.038
0.075,-0.034,1.049
0.075,-0.030,1.057
0.070,-0.016,1.065
0.068,-0.007,1.078
0.068,-0.007,1.087
0.071,-0.017,1.093
0.073,-0.020,1.089
0.072,-0.023,1.089
0.070,-0.027,1.089
0.070,-0.042,1.091
0.068,-0.045,1.088
0.075,-0.055,1.088
0.078,-0.062,1.081
0.086,-0.063,1.073
0.083,-0.068,1.059
0.080,-0.068,1.047
0.072,-0.064,1.044
0.067,-0.061,1.044
0.065,-0.056,1.044
0.066,-0.052,1.041
0.069,-0.055,1.037
0.073,-0.058,1.032
0.070,-0.058,1.023
0.071,-0.056,1.022
0.072,-0.061,1.018
0.076,-0.062,1.010
0.084,-0.071,1.006
0.090,-0.069,1.003
0.092,-0.069,0.999
0.093,-0.068,0.996
0.088,-0.064,0.995
0.090,-0.066,0.995
0.092,-0.068,0.987
0.090,-0.073,0.982
0.088,-0.071,0.975
0.083,-0.070,0.974
0.072,-0.067,0.976
0.063,-0.066,0.976
0.055,-0.063,0.978
0.054,-0.058,0.983
0.050,-0.062,0.989
0.047,-0.061,0.996
-0.542,-0.371,-1.137
-0.576,-0.403,-1.100
-0.594,-0.441,-1.065
-0.629,-0.462,-1.034
-0.645,-0.517,-1.025
-0.650,-0.572,-0.999
-0.662,-0.595,-1.022
-0.685,-0.656,-1.060
-0.681,-0.685,-1.101
-0.675,-0.734,-1.127
-0.700,-0.792,-1.213
-0.697,-0.820,-1.279
-0.689,-0.873,-1.326
-0.671,-0.889,-1.328
-0.647,-0.918,-1.330
-0.640,-0.953,-1.330
-0.637,-0.985,-1.263
-0.612,-0.947,-1.192
-0.564,-1.048,-1.127
-0.590,-1.018,-0.985
-0.536,-1.091,-0.842
-0.505,-1.090,-0.756
-0.502,-1.178,-0.594
-0.517,-1.333,-0.422
-0.529,-1.314,-0.256
-0.548,-1.195,-0.247
-0.402,-1.479,-0.101
-0.458,-1.476,-0.047
-0.544,-1.418,-0.066
-0.581,-1.524,0.040
-0.598,-1.566,0.047
-0.646,-1.515,0.043
-0.651,-1.436,0.056
-0.669,-1.382,0.093
-0.729,-1.357,0.113
-0.781,-1.256,0.114
-0.812,-1.179,0.114
-0.865,-1.152,0.101
-0.913,-1.133,0.080
-0.951,-1.135,-0.008
-0.937,-1.110,-0.097
-0.864,-1.102,-0.139
-0.770,-1.098,-0.242
-0.671,-1.108,-0.330
-0.621,-1.104,-0.371
-0.507,-1.071,-0.386
-0.390,-1.018,-0.411
-0.322,-0.927,-0.421
-0.196,-0.840,-0.398
-0.075,-0.801,-0.426
0.038,-0.594,-0.417
0.124,-0.292,-0.396
0.179,0.011,-0.378
0.280,0.159,-0.353
0.324,0.501,-0.279
0.426,0.696,-0.174
0.565,1.031,-0.116
0.772,1.185,0.007
0.889,1.348,0.161
1.126,1.301,0.252
1.369,1.402,0.457
1.482,1.478,0.662
1.659,1.595,0.739
1.803,1.663,0.872
1.860,1.822,1.013
1.960,1.914,1.242
2.031,2.056,1.302
2.019,2.195,1.364
2.012,2.281,1.558
1.977,2.448,1.702
1.948,2.626,2.225
1.735,2.645,2.896
1.346,2.580,3.257
1.210,2.397,3.782
0.720,2.124,3.916
0.001,1.679,4.409
-0.255,1.543,4.860
-1.094,1.439,4.701
-1.827,1.472,4.595
-2.133,1.499,4.287
-2.543,1.563,4.049
-2.735,1.749,3.832
-2.592,1.925,3.643
-2.352,1.935,3.122
-1.562,1.802,2.761
-0.590,1.368,1.781
-0.093,0.847,0.657
0.813,0.575,0.111
1.187,0.005,-0.806
1.778,-0.260,-1.364
2.140,-0.721,-1.508
2.242,-0.971,-1.532
2.323,-1.008,-1.311
2.210,-0.948,-1.160
2.113,-0.759,-0.797
1.850,-0.648,-0.469
1.526,-0.438,-0.308
1.182,-0.224,0.010
1.010,0.012,0.323
0.689,0.143,0.468
0.388,0.318,0.710
0.265,0.387,0.890
0.105,0.394,0.950
-0.045,0.425,0.990
-0.101,0.435,1.000
-0.128,0.470,1.009
-0.115,0.488,0.980
-0.057,0.466,0.923
0.061,0.385,0.895
0.122,0.293,0.825
0.235,0.250,0.769
0.323,0.177,0.759
0.380,0.132,0.763
0.397,0.114,0.776
0.427,0.070,0.784
0.439,0.014,0.782
0.418,-0.022,0.784
0.406,-0.028,0.817
0.373,-0.020,0.861
-0.666,-0.031,-1.347
-0.702,-0.064,-1.345
-0.736,-0.118,-1.335
-0.759,-0.183,-1.312
-0.774,-0.212,-1.285
-0.822,-0.265,-1.248
-0.862,-0.298,-1.221
-0.900,-0.332,-1.164
-0.922,-0.341,-1.098
-0.968,-0.365,-1.017
-0.970,-0.449,-0.958
-0.973,-0.505,-0.900
-0.973,-0.527,-0.839
-0.965,-0.562,-0.808
-0.960,-0.564,-0.739
-0.964,-0.560,-0.680
-0.971,-0.559,-0.653
-0.979,-0.547,-0.598
-0.980,-0.513,-0.542
-0.999,-0.500,-0.509
-1.024,-0.472,-0.502
-1.048,-0.440,-0.498
-1.064,-0.411,-0.498
-1.086,-0.403,-0.624
-1.128,-0.395,-0.509
-1.153,-0.401,-0.497
-1.163,-0.417,-0.487
-1.189,-0.422,-0.488
-1.198,-0.427,-0.488
-1.195,-0.455,-0.468
-1.186,-0.467,-0.427
-1.191,-0.512,-0.413
-1.201,-0.558,-0.377
-1.206,-0.623,-0.343
-1.209,-0.673,-0.315
-1.189,-0.711,-0.306
-1.163,-0.792,-0.307
-1.143,-0.842,-0.265
-1.109,-0.883,-0.248
-1.120,-0.979,-0.264
-1.108,-1.052,-0.300
-1.057,-1.084,-0.356
-1.025,-1.114,-0.394
-0.968,-1.141,-0.462
-0.932,-1.187,-0.522
-0.876,-1.200,-0.589
-0.809,-1.208,-0.617
-0.726,-1.212,-0.671
-0.682,-1.192,-0.741
-0.576,-1.173,-0.787
-0.427,-1.118,-0.797
-0.350,-1.070,-0.830
-0.186,-1.037,-0.825
-0.016,-0.991,-0.809
0.154,-0.919,-0.773
0.229,-0.785,-0.742
0.404,-0.694,-0.635
0.537,-0.542,-0.517
0.624,-0.350,-0.283
0.636,-0.115,-0.110
0.590,-0.019,0.074
0.607,0.203,0.113
0.654,0.408,0.130
0.822,0.515,0.159
1.001,0.736,0.208
1.057,0.917,0.401
1.137,1.009,0.973
1.055,1.270,0.906
1.134,1.260,0.861
1.441,1.178,0.863
1.733,1.165,0.871
1.800,1.166,0.962
1.872,1.078,0.973
1.887,1.165,0.983
1.917,1.239,1.017
1.906,1.384,1.052
1.857,1.460,1.130
1.858,1.566,1.198
1.855,1.586,1.358
1.833,1.639,1.457
1.814,1.750,1.711
1.749,1.802,1.999
1.567,1.882,2.145
1.456,1.836,2.431
1.220,1.771,2.698
0.980,1.579,2.848
0.855,1.476,3.066
0.610,1.392,3.170
0.537,1.208,3.159
0.329,1.047,3.088
-0.049,0.935,3.081
-0.168,0.931,2.933
-0.445,0.972,2.674
-0.728,1.070,2.494
-0.845,1.129,2.160
-1.015,1.209,1.983
-1.112,1.266,1.642
-1.130,1.267,1.326
-1.050,1.205,1.111
-0.867,1.044,1.049
-0.753,0.860,0.952
-0.483,0.765,0.914
-0.200,0.560,0.873
-0.003,0.445,0.813
0.292,0.222,0.784
0.433,-0.000,0.721
0.680,-0.097,0.688
0.868,-0.253,0.611
0.942,-0.327,0.552
1.041,-0.357,0.491
1.058,-0.317,0.470
1.057,-0.358,0.413
1.025,-0.305,0.381
0.990,-0.299,0.374
0.951,-0.285,0.367
0.919,-0.138,0.374
0.853,-0.225,0.379
0.770,-0.187,0.391
0.733,-0.163,0.409
-0.321,-0.002,-1.629
-0.303,0.027,-1.649
-0.289,0.059,-1.659
-0.283,0.066,-1.642
-0.250,0.065,-1.638
-0.193,0.061,-1.627
-0.165,0.048,-1.601
-0.102,0.008,-1.583
-0.048,0.003,-1.575
-0.017,0.003,-1.538
0.045,-0.003,-1.483
0.108,-0.011,-1.455
0.165,-0.014,-1.396
0.190,-0.012,-1.334
0.231,-0.000,-1.264
0.226,0.071,-1.226
0.219,0.120,-1.147
0.220,0.124,-1.059
0.252,0.092,-1.023
0.264,0.030,-0.950
0.299,-0.004,-0.906
0.315,-0.049,-0.890
0.317,-0.064,-0.878
0.311,-0.067,-0.875
0.304,-0.060,-0.877
0.296,-0.033,-0.884
0.268,-0.019,-0.887
0.228,0.009,-0.883
0.204,0.002,-0.875
0.200,-0.006,-0.858
0.185,-0.030,-0.849
0.156,0.005,-0.756
0.081,-0.128,-0.742
0.276,-0.023,-0.806
0.061,-0.029,-0.943
0.080,0.014,-0.878
0.101,0.022,-0.988
0.093,0.020,-1.017
0.131,0.006,-1.014
0.129,0.122,-1.057
0.112,0.022,-1.071
0.106,0.053,-1.110
0.079,0.062,-1.108
0.081,0.053,-1.125
0.068,0.078,-1.198
0.067,0.110,-1.216
0.041,0.061,-1.279
0.044,0.139,-1.278
0.062,0.093,-1.264
0.051,0.072,-1.264
0.077,0.083,-1.246
0.093,0.073,-1.235
0.081,0.075,-1.247
0.091,0.101,-1.291
0.080,0.085,-1.334
0.086,0.043,-1.340
0.125,0.041,-1.348
0.155,0.039,-1.334
0.150,0.052,-1.311
0.136,0.072,-1.301
0.110,0.108,-1.287
0.104,0.105,-1.261
0.099,0.125,-1.236
0.105,0.131,-1.176
0.102,0.137,-1.115
0.102,0.146,-1.086
0.098,0.141,-1.042
0.096,0.139,-1.013
0.096,0.139,-0.998
0.091,0.150,-0.982
0.086,0.159,-0.952
0.072,0.172,-0.938
0.057,0.189,-0.900
0.039,0.189,-0.756
0.027,0.191,-0.842
0.019,0.193,-0.805
0.013,0.186,-0.795
0.009,0.174,-0.785
0.011,0.170,-0.795
0.012,0.171,-0.804
0.002,0.175,-0.821
-0.017,0.174,-0.829
-0.023,0.178,-0.833
-0.024,0.177,-0.842
-0.035,0.172,-0.849
-0.038,0.169,-0.851
-0.044,0.171,-0.868
-0.058,0.174,-0.878
-0.070,0.181,-0.884
-0.076,0.173,-0.899
-0.079,0.169,-0.918
-0.083,0.175,-0.926
-0.086,0.169,-0.943
-0.094,0.160,-0.967
-0.087,0.153,-0.976
-0.080,0.154,-0.987
-0.084,0.160,-1.119
-0.084,0.159,-1.012
-0.083,0.150,-1.021
-0.080,0.147,-1.034
-0.073,0.138,-1.038
-0.065,0.121,-1.051
-0.060,0.119,-1.051
-0.056,0.113,-1.048
-0.049,0.093,-1.048
-0.031,0.086,-1.046
-0.023,0.093,-1.039
-0.026,0.102,-1.017
-0.025,0.103,-0.993
-0.014,0.094,-0.987
-0.011,0.085,-0.983
-0.004,0.080,-0.976
-0.000,0.075,-0.974
-0.125,0.080,-0.971
-0.007,0.087,-0.976
-0.027,0.111,-0.973
-0.034,0.105,-0.964
-0.031,0.096,-0.985
-0.024,0.073,-0.993
-0.531,-0.198,-1.328
-0.589,-0.183,-1.324
-0.600,-0.157,-1.298
-0.649,-0.145,-1.260
-0.699,-0.124,-1.234
-0.740,-0.091,-1.187
-0.755,-0.073,-1.150
-0.784,-0.066,-1.112
-0.802,-0.063,-1.095
-0.814,-0.089,-1.055
-0.831,-0.105,-1.017
-0.855,-0.132,-1.004
-0.876,-0.165,-0.982
-0.886,-0.209,-0.982
-0.914,-0.225,-0.989
-0.930,-0.250,-0.982
-0.942,-0.268,-0.959
-0.972,-0.281,-0.926
-0.989,-0.315,-0.906
-1.006,-0.346,-0.863
-1.010,-0.398,-0.820
-1.011,-0.422,-0.796
-1.008,-0.464,-0.789
-1.013,-0.503,-0.801
-1.011,-0.543,-0.796
-1.001,-0.556,-0.793
-1.008,-0.594,-0.783
-1.004,-0.589,-0.755
-0.989,-0.580,-0.723
-0.985,-0.580,-0.717
-0.989,-0.526,-0.706
-1.005,-0.380,-0.717
-1.048,-0.420,-0.866
-1.045,-0.403,-0.780
-1.058,-0.393,-0.749
-1.046,-0.365,-0.709
-1.027,-0.305,-0.696
-0.993,-0.296,-0.664
-0.978,-0.290,-0.603
-0.994,-0.294,-0.574
-1.007,-0.277,-0.561
-1.010,-0.248,-0.531
-0.995,-0.237,-0.500
-0.996,-0.225,-0.483
-1.016,-0.251,-0.455
-1.017,-0.270,-0.436
-1.012,-0.301,-0.446
-1.008,-0.354,-0.444
-0.986,-0.429,-0.426
-0.981,-0.517,-0.391
-0.975,-0.572,-0.345
-0.947,-0.705,-0.320
-0.914,-0.831,-0.265
-0.892,-0.920,-0.174
-0.840,-0.972,-0.164
-0.806,-1.036,-0.138
-0.775,-1.073,-0.011
-0.708,-1.103,0.054
-0.674,-1.160,0.086
-0.620,-1.179,0.159
-0.604,-1.199,0.236
-0.600,-1.250,0.276
-0.591,-1.267,0.340
-0.584,-1.281,0.383
-0.583,-1.306,0.400
-0.590,-1.302,0.404
-0.586,-1.296,0.403
-0.557,-1.281,0.393
-0.525,-1.222,0.325
-0.509,-1.189,0.229
-0.468,-1.106,0.180
-0.410,-1.008,0.083
-0.369,-0.955,0.000
-0.288,-0.828,-0.039
-0.206,-0.660,-0.117
-0.134,-0.469,-0.168
-0.020,-0.374,-0.161
0.122,-0.222,-0.159
0.194,0.059,-0.205
0.234,0.200,-0.213
0.311,0.433,-0.158
0.321,0.738,-0.022
0.375,0.876,0.098
0.656,1.054,0.110
0.847,1.202,0.127
1.164,1.256,0.142
1.433,1.323,0.197
1.621,1.345,0.272
1.914,1.424,0.301
2.042,1.537,0.357
2.234,1.592,0.491
2.369,1.694,0.427
2.429,1.845,0.520
2.528,1.899,0.595
2.550,1.997,0.782
2.559,2.044,0.988
2.501,2.142,1.072
2.454,2.184,1.513
2.396,2.291,1.801
2.257,2.143,2.410
2.169,1.754,3.206
1.671,1.666,3.627
1.363,1.462,4.578
0.507,1.571,4.827
-0.125,1.674,4.932
-0.485,1.627,4.774
-1.552,1.793,4.329
-2.153,2.265,3.784
-2.366,2.496,3.057
-2.497,2.531,2.874
-2.517,2.496,2.687
-2.502,2.513,2.341
-1.950,2.464,2.235
-1.514,1.908,2.042
-0.639,1.587,1.605
0.276,0.921,1.307
1.126,0.330,0.671
1.482,0.066,0.054
2.009,-0.389,-0.221
2.288,-0.836,-0.835
2.390,-0.909,-1.068
2.321,-1.025,-1.171
2.270,-0.896,-1.115
1.983,-0.853,-1.179
1.764,-0.657,-1.086
1.634,-0.506,-0.938
1.398,-0.436,-0.701
1.222,-0.334,-0.565
1.144,-0.228,-0.306
0.951,-0.162,-0.031
0.725,-0.011,0.106
0.619,0.135,0.404
0.426,0.216,0.554
0.202,0.372,0.838
0.146,0.447,1.085
0.041,0.540,1.201
0.016,0.527,1.381
0.033,0.484,1.429
0.203,0.373,1.509
0.200,0.316,1.524
0.330,0.203,1.512
0.393,0.106,1.464
0.497,0.074,1.421
0.535,0.022,1.301
0.586,0.007,1.173
0.610,-0.032,1.104
0.608,-0.041,0.965
0.622,-0.052,0.905
0.579,-0.024,0.851
0.562,-0.020,0.855
0.544,-0.026,0.871
0.523,-0.024,0.929
0.504,-0.031,0.974
0.475,-0.034,1.035
0.469,-0.030,1.061
0.461,-0.019,1.110
0.432,-0.023,1.133
0.410,-0.018,1.176
0.404,-0.020,1.222
0.377,-0.019,1.241
0.358,-0.012,1.287
0.348,-0.007,1.315
0.306,-0.000,1.319
0.289,0.013,1.317
0.264,0.028,1.337
0.246,0.052,1.343
0.239,0.054,1.339
0.223,0.065,1.342
0.219,0.071,1.330
0.215,0.074,1.302
0.213,0.076,1.281
0.211,0.080,1.240
0.209,0.083,1.218
0.210,0.081,1.176
0.219,0.072,1.131
0.235,0.061,1.104
0.246,0.051,1.046
0.252,0.054,1.017
0.258,0.057,0.959
0.262,0.058,0.920
0.257,0.058,0.905
0.250,0.058,0.871
0.243,0.065,0.860
0.239,0.069,0.851
0.227,0.071,0.854
0.210,0.071,0.859
0.204,0.073,0.876
0.192,0.076,0.902
0.183,0.080,0.913
0.181,0.083,0.942
0.160,0.088,0.961
0.142,0.096,0.969
0.134,0.102,0.989
0.119,0.109,0.997
0.114,0.110,1.016
0.106,0.109,1.038
0.101,0.104,1.047
0.102,0.097,1.061
0.111,0.091,1.070
0.121,0.084,1.080
0.122,0.084,1.081
0.129,0.092,1.080
0.133,0.101,1.076
0.131,0.102,1.071
0.127,0.104,1.061
0.127,0.113,1.055
0.129,0.114,1.052
0.134,0.115,1.041
0.141,0.112,1.029
0.153,0.098,1.019
0.158,0.092,1.002
0.166,0.089,0.996
0.173,0.083,0.985
0.175,0.077,0.981
0.180,0.060,0.976
0.186,0.041,0.976
0.202,0.031,0.975
0.213,0.015,0.971
0.215,0.008,0.966
0.216,0.013,0.963
0.213,0.004,0.958
0.199,0.002,0.963
0.193,-0.012,0.966
0.191,-0.019,0.974
0.193,-0.022,0.977
0.189,-0.026,0.982
0.187,-0.024,0.989
0.183,-0.020,0.986
0.179,-0.017,0.989
0.168,-0.013,0.985
0.151,0.001,0.990
0.147,0.015,1.007
0.133,0.021,1.020
0.118,0.024,1.024
0.119,0.024,1.031
0.122,0.020,1.034
0.122,0.021,1.034
0.125,0.020,1.032
-0.412,-0.259,-1.383
-0.416,-0.314,-1.383
-0.418,-0.358,-1.384
-0.436,-0.373,-1.389
-0.454,-0.394,-1.392
-0.482,-0.415,-1.397
-0.498,-0.426,-1.403
-0.515,-0.452,-1.423
-0.559,-0.462,-1.432
-0.570,-0.469,-1.435
-0.600,-0.471,-1.439
-0.630,-0.478,-1.441
-0.653,-0.472,-1.429
-0.665,-0.467,-1.415
-0.683,-0.467,-1.395
-0.700,-0.462,-1.389
-0.714,-0.463,-1.374
-0.702,-0.479,-1.356
-0.705,-0.476,-1.345
-0.717,-0.486,-1.324
-0.712,-0.505,-1.292
-0.700,-0.510,-1.246
-0.692,-0.524,-1.224
-0.691,-0.550,-1.182
-0.667,-0.578,-1.132
-0.677,-0.536,-1.092
-0.686,-0.582,-1.051
-0.685,-0.584,-0.981
-0.666,-0.585,-0.899
-0.670,-0.615,-0.862
-0.676,-0.640,-0.791
-0.678,-0.653,-0.745
-0.676,-0.652,-0.716
-0.676,-0.653,-0.709
-0.672,-0.612,-0.678
-0.671,-0.610,-0.636
-0.680,-0.615,-0.587
-0.690,-0.641,-0.566
-0.690,-0.661,-0.506
-0.692,-0.695,-0.446
-0.730,-0.715,-0.389
-0.754,-0.764,-0.357
-0.755,-0.812,-0.282
-0.799,-0.826,-0.210
-0.815,-0.860,-0.183
-0.765,-0.884,-0.122
-0.770,-0.925,-0.098
-0.788,-0.949,-0.066
-0.731,-0.972,-0.047
-0.717,-0.922,0.012
-0.719,-0.926,0.012
-0.707,-0.921,0.027
-0.690,-0.929,0.027
-0.682,-0.912,0.027
-0.632,-0.908,0.061
-0.587,-0.926,0.076
-0.569,-0.944,0.104
-0.526,-0.951,0.137
-0.492,-0.944,0.148
-0.453,-0.917,0.156
-0.433,-0.869,0.171
-0.392,-0.844,0.203
-0.358,-0.786,0.219
-0.308,-0.732,0.232
-0.273,-0.660,0.265
-0.181,-0.632,0.292
-0.082,-0.548,0.297
-0.033,-0.441,0.294
0.077,-0.392,0.285
0.177,-0.296,0.290
0.277,-0.202,0.306
0.334,-0.034,0.338
0.435,-0.064,0.357
0.530,0.046,0.379
0.569,0.110,0.389
0.621,0.260,0.401
0.635,0.427,0.411
0.657,0.532,0.449
0.673,0.744,0.477
0.699,0.895,0.559
0.761,0.960,0.606
0.862,1.069,0.693
0.922,1.078,0.749
1.054,1.127,0.778
1.121,1.272,0.836
1.143,1.393,0.838
1.146,1.520,0.826
1.179,1.571,0.874
1.258,1.586,0.908
1.298,1.534,1.004
1.375,1.493,1.089
1.452,1.392,1.154
1.466,1.347,1.276
1.436,1.356,1.347
1.376,1.385,1.542
1.310,1.386,1.789
1.109,1.357,1.934
0.820,1.309,2.225
0.673,1.353,2.530
0.448,1.461,2.509
0.266,1.198,2.635
-0.231,1.188,2.729
-0.683,1.258,2.738
-0.838,1.281,2.585
-1.237,1.441,2.470
-1.542,1.558,2.272
-1.660,1.587,2.199
-1.754,1.628,2.227
-1.739,1.644,2.344
-1.669,1.613,2.376
-1.372,1.492,2.319
-1.146,1.233,2.093
-0.606,1.058,1.765
-0.032,0.692,1.576
0.253,0.352,1.176
0.783,0.196,0.764
1.174,-0.063,0.553
1.314,-0.288,0.179
1.497,-0.379,-0.241
1.548,-0.522,-0.398
1.481,-0.523,-0.542
1.335,-0.457,-0.575
1.148,-0.340,-0.563
1.044,-0.205,-0.463
0.829,-0.137,-0.383
0.626,-0.012,-0.183
0.530,0.072,0.028
0.377,0.109,0.144
0.181,0.189,0.369
0.162,0.230,0.610
0.061,0.312,0.736
0.025,0.368,0.967
-0.043,0.382,1.194
-0.069,0.397,1.254
-0.061,0.386,1.395
-0.018,0.348,1.451
0.009,0.277,1.515
0.062,0.233,1.528
0.144,0.145,1.517
0.183,0.074,1.456
0.249,0.048,1.292
0.288,-0.002,1.321
0.297,-0.029,1.222
0.339,-0.031,1.192
0.335,-0.027,1.094
0.340,-0.020,1.040
0.349,-0.005,1.011
0.350,0.011,0.962
0.351,0.011,0.928
0.355,0.013,0.918
0.355,0.010,0.892
0.359,0.010,0.885
0.355,0.005,0.894
0.348,0.000,0.905
0.336,0.004,0.914
0.336,-0.008,0.951
0.327,-0.015,0.982
0.310,-0.026,1.001
0.308,-0.038,1.057
0.303,-0.039,1.111
0.293,-0.040,1.138
0.288,-0.048,1.186
0.271,-0.054,1.204
0.256,-0.060,1.227
0.249,-0.056,1.240
0.238,-0.046,1.243
0.238,-0.047,1.249
0.238,-0.048,1.232
0.232,-0.054,1.224
0.228,-0.058,1.193
0.226,-0.053,1.156
0.225,-0.047,1.102
0.229,-0.034,1.078
0.231,-0.026,1.017
0.227,-0.022,0.957
0.219,-0.012,0.926
0.203,0.000,0.874
0.194,0.007,0.837
0.171,0.024,0.821
0.159,0.033,0.812
0.143,0.040,0.813
0.136,0.050,0.819
0.133,0.047,0.835
0.125,0.047,0.845
0.121,0.042,0.876
0.122,0.033,0.913
0.123,0.030,0.954
0.121,0.028,0.975
0.120,0.029,1.015
0.118,0.027,1.035
0.121,0.022,1.063
0.121,0.020,1.085
0.123,0.023,1.094
0.122,0.020,1.101
0.121,0.018,1.097
0.110,0.018,1.093
0.101,0.023,1.080
0.089,0.028,1.063
0.072,0.038,1.054
0.065,0.047,1.041
0.055,0.056,1.037
0.054,0.062,1.033
0.050,0.064,1.035
0.058,0.065,1.035
0.062,0.063,1.027
0.068,0.061,1.026
0.073,0.054,1.026
0.085,0.052,1.027
0.096,0.045,1.026
0.102,0.038,1.020
0.108,0.035,1.023
0.112,0.029,1.026
0.114,0.027,1.030
0.117,0.022,1.041
0.130,0.012,1.045
0.135,0.006,1.050
0.141,0.001,1.055
0.142,-0.000,1.055
0.140,0.003,1.057
0.135,0.002,1.059
0.132,0.003,1.057
0.134,0.004,1.050
0.135,0.003,1.032
0.137,0.004,1.024
0.134,0.010,1.008
0.133,0.017,1.002
0.127,0.029,0.991
0.122,0.037,0.978
0.109,0.054,0.973
0.102,0.073,0.958
0.088,0.081,0.948
0.080,0.091,0.946
0.081,0.094,0.956
0.087,0.089,0.962
0.104,0.071,0.976
0.116,0.043,0.989
0.138,0.032,1.003
0.165,0.009,1.010
-0.711,-0.401,-0.931
-0.735,-0.424,-0.949
-0.743,-0.454,-0.968
-0.763,-0.471,-0.987
-0.787,-0.501,-0.995
-0.819,-0.535,-1.007
-0.841,-0.558,-1.011
-0.873,-0.572,-1.007
-0.907,-0.602,-1.002
-0.921,-0.629,-0.992
-0.951,-0.648,-0.977
-0.972,-0.678,-0.968
-0.988,-0.709,-0.945
-0.993,-0.711,-0.919
-1.025,-0.699,-0.894
-1.001,-0.737,-0.868
-1.021,-0.730,-0.824
-1.008,-0.738,-0.760
-0.988,-0.735,-0.722
-0.992,-0.732,-0.701
-0.992,-0.751,-0.660
-0.977,-0.759,-0.610
-0.938,-0.760,-0.563
-0.910,-0.762,-0.539
-0.884,-0.753,-0.485
-0.873,-0.755,-0.421
-0.841,-0.763,-0.368
-0.820,-0.759,-0.343
-0.800,-0.783,-0.278
-0.797,-0.792,-0.242
-0.768,-0.800,-0.146
-0.761,-0.834,-0.099
-0.768,-0.876,-0.019
-0.753,-0.894,0.065
-0.736,-0.946,0.102
-0.726,-0.971,0.188
-0.725,-0.999,0.247
-0.755,-1.044,0.271
-0.772,-1.086,0.295
-0.785,-1.105,0.285
-0.813,-1.135,0.280
-0.821,-1.157,0.275
-0.825,-1.184,0.260
-0.852,-1.184,0.243
-0.872,-1.167,0.230
-0.899,-1.159,0.193
-0.910,-1.122,0.154
-0.918,-1.100,0.123
-0.896,-1.054,0.097
-0.883,-1.015,0.037
-0.836,-1.002,-0.011
-0.760,-0.963,-0.025
-0.670,-0.945,-0.051
-0.626,-0.944,-0.088
-0.528,-0.942,-0.101
-0.403,-0.956,-0.110
-0.337,-0.959,-0.144
-0.223,-0.939,-0.183
-0.112,-0.938,-0.216
-0.008,-0.928,-0.241
0.033,-0.876,-0.303
0.120,-0.807,-0.351
0.217,-0.644,-0.375
0.290,-0.495,-0.413
0.476,-0.427,-0.430
0.693,-0.296,-0.447
0.931,-0.157,-0.479
1.045,-0.010,-0.499
1.261,0.086,-0.498
1.435,0.388,-0.472
1.522,0.754,-0.354
1.699,0.941,-0.274
1.910,1.308,-0.045
2.005,1.650,0.221
2.157,1.827,0.346
2.260,2.223,0.655
2.238,2.464,0.920
2.243,2.975,1.118
2.212,3.446,1.412
2.104,3.572,1.690
1.947,3.651,1.835
1.875,3.613,2.269
1.771,3.541,2.937
1.617,3.378,3.326
1.458,3.216,4.239
1.118,2.991,4.890
0.582,2.256,5.375
0.127,1.711,5.714
-0.694,1.676,6.071
-1.507,1.632,5.798
-1.900,1.990,5.425
-2.285,2.149,5.283
-2.460,2.395,5.043
-2.521,2.514,4.522
-2.421,2.700,4.163
-1.814,2.544,3.283
-1.478,2.336,2.242
-0.518,1.781,1.734
0.040,1.091,1.000
1.364,0.443,-0.175
1.584,0.132,-0.471
1.974,-0.557,-1.108
2.618,-0.832,-1.555
2.422,-1.215,-1.761
2.393,-1.387,-1.875
2.405,-1.369,-1.671
2.108,-1.162,-1.602
1.747,-0.896,-1.393
1.490,-0.551,-1.083
1.146,-0.396,-0.675
0.862,-0.101,-0.279
0.560,0.128,-0.102
0.411,0.331,0.204
0.207,0.355,0.513
0.097,0.415,0.732
0.026,0.437,0.946
-0.081,0.450,1.013
-0.078,0.422,1.185
0.002,0.389,1.243
-0.189,-0.328,-1.513
-0.282,-0.364,-1.535
-0.208,-0.282,-1.547
-0.260,-0.310,-1.573
-0.332,-0.278,-1.541
-0.373,-0.289,-1.529
-0.414,-0.255,-1.508
-0.423,-0.250,-1.465
-0.456,-0.243,-1.444
-0.493,-0.252,-1.430
-0.502,-0.241,-1.405
-0.525,-0.240,-1.399
-0.553,-0.244,-1.401
-0.574,-0.251,-1.397
-0.584,-0.246,-1.390
-0.595,-0.250,-1.370
-0.600,-0.280,-1.320
-0.610,-0.314,-1.267
-0.606,-0.336,-1.216
-0.593,-0.341,-1.163
-0.585,-0.380,-1.139
-0.604,-0.411,-1.111
-0.616,-0.426,-1.063
-0.612,-0.449,-1.043
-0.604,-0.487,-0.983
-0.601,-0.522,-0.916
-0.594,-0.531,-0.865
-0.590,-0.543,-0.836
-0.594,-0.562,-0.791
-0.607,-0.574,-0.728
-0.616,-0.589,-0.691
-0.615,-0.595,-0.627
-0.624,-0.595,-0.590
-0.621,-0.597,-0.544
-0.611,-0.618,-0.517
-0.610,-0.648,-0.454
-0.610,-0.655,-0.407
-0.617,-0.667,-0.380
-0.616,-0.656,-0.318
-0.603,-0.637,-0.253
-0.583,-0.658,-0.197
-0.584,-0.621,-0.176
-0.570,-0.625,-0.129
-0.568,-0.635,-0.076
-0.564,-0.663,-0.057
-0.554,-0.690,-0.008
-0.538,-0.710,0.033
-0.517,-0.721,0.061
-0.521,-0.762,0.071
-0.560,-0.852,0.068
-0.554,-0.767,0.210
-0.541,-0.841,0.227
-0.536,-0.891,0.271
-0.560,-0.971,0.301
-0.618,-0.973,0.300
-0.586,-0.999,0.307
-0.590,-1.043,0.295
-0.619,-1.067,0.243
-0.643,-1.083,0.215
-0.651,-1.103,0.155
-0.660,-1.122,0.103
-0.678,-1.170,0.070
-0.692,-1.199,-0.012
-0.716,-1.207,-0.099
-0.720,-1.182,-0.141
-0.691,-1.145,-0.221
-0.681,-1.132,-0.323
-0.684,-1.116,-0.439
-0.650,-1.047,-0.502
-0.598,-0.938,-0.618
-0.562,-0.827,-0.742
-0.462,-0.763,-0.842
-0.332,-0.634,-0.876
-0.180,-0.526,-0.938
-0.075,-0.422,-0.979
0.114,-0.388,-0.989
0.293,-0.285,-0.983
0.388,-0.091,-0.904
0.582,-0.003,-0.771
0.804,0.152,-0.706
0.932,0.226,-0.604
1.233,0.251,-0.561
1.496,0.399,-0.541
1.735,0.659,-0.459
1.968,0.777,-0.269
2.167,1.093,-0.285
2.302,1.409,-0.053
2.482,1.667,0.347
2.488,2.071,0.519
2.484,2.351,1.070
2.403,2.827,1.339
2.306,3.188,1.916
2.248,3.315,2.399
2.229,3.280,2.596
2.208,2.956,3.014
2.126,2.916,3.265
1.919,2.798,3.695
1.760,2.679,4.351
1.317,2.296,4.724
0.678,1.803,5.455
0.373,1.708,5.948
-0.170,1.166,5.893
-0.509,0.617,5.892
-1.433,0.583,5.519
-2.216,0.765,5.258
-2.492,0.930,4.864
-2.709,1.278,4.789
-2.644,1.624,4.495
-2.534,1.789,3.749
-1.952,1.860,3.224
-1.490,1.556,2.014
-0.419,1.288,0.745
0.575,0.658,0.157
1.000,0.024,-0.837
1.656,-0.251,-1.457
2.009,-0.570,-1.717
2.182,-0.681,-1.723
2.129,-0.657,-1.580
1.916,-0.588,-1.256
1.586,-0.441,-0.871
1.477,-0.373,-0.515
1.228,-0.355,-0.238
1.032,-0.255,-0.063
0.953,-0.141,0.277
0.696,-0.049,0.561
0.415,-0.029,0.701
0.397,0.062,0.992
0.148,0.255,1.116
-0.109,0.149,1.175
-0.259,0.256,1.155
-0.347,0.359,1.174
-0.393,0.436,1.161
-0.468,0.490,1.015
-0.441,0.458,0.966
-0.262,0.445,0.863
-0.300,0.417,0.783
-0.185,0.298,0.770
-0.116,0.205,0.775
0.023,0.145,0.806
0.133,0.037,0.823
0.185,-0.026,0.864
0.267,-0.055,0.868
0.282,-0.089,0.856
0.305,-0.136,0.861
0.326,-0.193,0.888
0.357,-0.219,0.905
0.370,-0.241,0.975
0.370,-0.222,1.070
0.351,-0.206,1.243
0.309,-0.196,1.196
0.291,-0.208,1.236
0.264,-0.206,1.261
0.236,-0.205,1.276
0.224,-0.177,1.311
0.220,-0.163,1.350
0.195,-0.143,1.374
0.085,-0.073,1.490
0.048,-0.130,1.353
0.143,-0.084,1.348
0.099,-0.073,1.220
0.095,-0.065,1.211
0.084,-0.039,1.162
0.034,-0.016,1.137
0.027,-0.009,1.108
0.029,-0.003,1.063
0.027,-0.001,1.051
0.018,0.004,1.026
0.002,0.007,1.017
0.003,-0.011,1.013
0.006,-0.019,1.015
0.018,-0.042,1.014
0.053,-0.068,1.009
0.061,-0.073,1.001
0.062,-0.078,1.005
0.058,-0.081,1.009
0.055,-0.075,1.002
0.054,-0.075,1.001
0.043,-0.072,1.000
0.034,-0.065,0.998
0.031,-0.064,1.001
0.025,-0.063,0.995
0.020,-0.061,0.979
0.016,-0.059,0.970
0.004,-0.044,0.966
-0.004,-0.032,0.970
-0.022,-0.027,0.971
-0.029,-0.023,0.971
-0.032,-0.023,0.965
-0.033,-0.019,0.955
-0.039,-0.001,0.952
-0.045,0.013,0.959
-0.053,0.017,0.965
-0.050,0.011,0.968
-0.052,0.001,0.971
-0.049,-0.011,0.973
-0.040,-0.015,0.975
-0.034,-0.019,0.976
-0.035,-0.018,0.985
-0.034,-0.019,1.001
-0.028,-0.023,1.017
-0.019,-0.035,1.024
-0.015,-0.045,1.033
-0.005,-0.047,1.041
0.005,-0.051,1.043
0.012,-0.057,1.051
0.020,-0.060,1.054
0.022,-0.064,1.057
0.017,-0.064,1.060
0.016,-0.061,1.059
0.014,-0.050,1.059
0.019,-0.049,1.057
0.020,-0.050,1.048
0.020,-0.052,1.043
0.020,-0.057,1.040
0.019,-0.061,1.037
0.021,-0.057,1.038
0.021,-0.050,1.033
0.013,-0.037,1.030
0.014,-0.039,1.024
0.014,-0.041,1.018
0.017,-0.045,1.016
0.020,-0.044,1.019
0.025,-0.041,1.029
0.021,-0.019,1.035
0.024,-0.010,1.055
0.025,-0.011,1.066
0.037,-0.020,1.071
0.055,-0.044,1.076
0.063,-0.052,1.071
0.074,-0.062,1.069
0.084,-0.069,1.062
0.089,-0.077,1.053
0.091,-0.079,1.048
0.093,-0.080,1.041
0.093,-0.077,1.030
0.096,-0.072,1.030
0.096,-0.072,1.021
0.095,-0.074,1.012
-0.298,-0.284,-1.475
-0.295,-0.301,-1.494
-0.302,-0.312,-1.520
-0.317,-0.315,-1.532
-0.346,-0.316,-1.533
-0.356,-0.301,-1.523
-0.385,-0.294,-1.501
-0.421,-0.277,-1.488
-0.437,-0.264,-1.447
-0.479,-0.255,-1.403
-0.521,-0.244,-1.378
-0.568,-0.239,-1.326
-0.588,-0.222,-1.272
-0.619,-0.219,-1.240
-0.664,-0.209,-1.228
-0.685,-0.224,-1.195
-0.725,-0.230,-1.155
-0.755,-0.241,-1.139
-0.766,-0.269,-1.080
-0.775,-0.291,-1.017
-0.797,-0.303,-0.942
-0.818,-0.316,-0.903
-0.854,-0.335,-0.816
-0.856,-0.345,-0.727
-0.849,-0.382,-0.639
-0.855,-0.437,-0.613
-0.865,-0.408,-0.520
-0.848,-0.447,-0.483
-0.851,-0.505,-0.442
-0.850,-0.551,-0.399
-0.844,-0.558,-0.353
-0.851,-0.583,-0.312
-0.854,-0.645,-0.301
-0.853,-0.702,-0.280
-0.818,-0.736,-0.279
-0.789,-0.794,-0.279
-0.778,-0.853,-0.296
-0.767,-0.922,-0.314
-0.738,-0.945,-0.323
-0.720,-0.981,-0.326
-0.692,-0.996,-0.317
-0.675,-0.988,-0.306
-0.659,-0.979,-0.300
-0.645,-0.953,-0.288
-0.628,-0.928,-0.251
-0.590,-0.922,-0.214
-0.566,-0.897,-0.195
-0.538,-0.900,-0.142
-0.531,-0.886,-0.104
-0.506,-0.890,-0.061
-0.475,-0.909,-0.049
-0.451,-0.909,-0.030
-0.451,-0.923,-0.021
-0.447,-0.968,-0.020
-0.401,-1.006,-0.003
-0.377,-1.059,0.021
-0.366,-1.099,0.040
-0.364,-1.186,0.046
-0.365,-1.253,0.045
-0.375,-1.282,0.021
-0.383,-1.339,0.002
-0.379,-1.375,-0.044
-0.376,-1.382,-0.080
-0.369,-1.383,-0.134
-0.385,-1.393,-0.156
-0.387,-1.425,-0.217
-0.371,-1.434,-0.249
-0.342,-1.459,-0.256
-0.302,-1.486,-0.294
-0.260,-1.514,-0.290
-0.214,-1.517,-0.286
-0.189,-1.505,-0.274
-0.135,-1.487,-0.239
-0.107,-1.433,-0.189
-0.060,-1.386,-0.165
0.037,-1.312,-0.154
0.170,-1.248,-0.168
0.254,-1.090,-0.190
0.399,-0.958,-0.205
0.527,-0.706,-0.246
0.623,-0.529,-0.302
0.884,-0.434,-0.363
1.223,-0.258,-0.387
1.416,-0.057,-0.482
1.714,0.087,-0.556
1.994,0.476,-0.499
2.185,0.913,-0.339
2.309,1.105,0.023
2.483,1.472,0.210
2.549,1.952,0.658
2.659,2.229,1.182
2.626,2.751,1.526
2.584,2.958,2.121
2.372,3.193,2.362
2.296,3.225,2.888
2.159,3.233,3.602
2.000,3.279,4.031
1.819,3.303,4.909
1.307,3.271,5.286
0.801,3.051,5.962
0.511,2.661,6.420
-0.379,1.990,6.600
-0.925,1.678,6.524
-1.970,1.682,6.119
-3.047,1.858,5.761
-3.446,2.239,5.133
-3.735,2.441,4.776
-3.686,2.805,4.469
-3.473,2.957,3.499
-2.627,2.894,2.086
-1.391,2.316,1.276
-0.734,1.419,-0.207
0.396,0.916,-1.364
1.350,0.045,-1.725
1.744,-0.525,-2.034
2.361,-0.992,-1.823
2.508,-1.095,-1.661
2.720,-1.154,-0.885
2.588,-1.162,-0.518
2.244,-1.082,-0.305
1.972,-0.906,-0.177
1.773,-0.783,-0.133
1.495,-0.537,-0.022
1.226,-0.337,0.208
1.053,-0.152,0.398
0.768,-0.182,0.500
0.544,-0.101,0.695
0.396,0.025,0.782
0.120,0.095,0.828
-0.098,0.248,0.948
-0.203,0.367,1.018
-0.356,0.417,1.075
-0.396,0.460,1.106
-0.387,0.440,1.145
-0.332,0.416,1.129
-0.238,0.347,1.111
-0.182,0.288,1.061
-0.074,0.253,1.013
0.023,0.183,0.928
0.082,0.148,0.849
0.173,0.093,0.822
0.208,0.055,0.771
0.257,0.043,0.779
0.294,0.010,0.791
0.297,-0.024,0.819
0.289,-0.041,0.873
0.276,-0.076,0.904
0.269,-0.101,0.965
0.249,-0.117,1.039
0.237,-0.141,1.081
0.234,-0.166,1.162
0.240,-0.176,1.230
0.238,-0.198,1.256
0.234,-0.218,1.287
0.219,-0.217,1.296
0.209,-0.201,1.319
0.201,-0.191,1.340
0.179,-0.164,1.349
0.146,-0.135,1.359
0.129,-0.122,1.355
0.106,-0.114,1.348
0.087,-0.086,1.314
0.081,-0.069,1.274
0.059,-0.049,1.243
0.036,-0.018,1.169
0.046,-0.013,1.141
0.042,-0.008,1.114
0.027,0.002,1.065
0.023,0.003,1.035
0.015,0.002,1.017
0.018,-0.010,0.987
0.029,-0.019,0.972
0.045,-0.026,0.968
0.046,-0.025,0.970
0.046,-0.025,0.976
0.046,-0.025,0.986
0.051,-0.028,0.991
0.058,-0.044,0.993
0.067,-0.053,0.989
0.073,-0.054,0.980
0.081,-0.042,0.976
0.080,-0.033,0.976
0.070,-0.031,0.982
0.058,-0.039,0.983
0.060,-0.050,0.984
0.060,-0.049,0.990
0.053,-0.041,0.994
0.049,-0.041,1.011
0.046,-0.036,1.029
0.038,-0.028,1.040
0.034,-0.023,1.049
0.023,-0.020,1.054
0.016,-0.010,1.063
0.016,0.002,1.074
0.016,0.003,1.076
0.015,-0.002,1.066
0.019,-0.001,1.051
0.019,0.007,1.037
0.016,0.008,1.032
0.017,0.008,1.018
0.019,0.002,1.005
0.031,0.003,1.003
0.040,0.006,1.008
0.045,-0.013,1.015
0.075,-0.024,1.016
0.098,-0.048,1.003
0.104,-0.059,0.983
0.123,-0.074,0.971
0.130,-0.088,0.944
0.140,-0.098,0.929
0.147,-0.112,0.924
0.158,-0.119,0.919
0.160,-0.125,0.915
0.163,-0.128,0.924
0.157,-0.121,0.929
0.153,-0.114,0.941
0.157,-0.119,0.960
0.147,-0.125,0.958
0.142,-0.129,0.966
0.131,-0.122,0.969
0.117,-0.111,0.974
0.106,-0.098,0.990
0.090,-0.094,0.996
0.068,-0.087,1.007
0.054,-0.072,1.023
0.029,-0.067,1.034
0.022,-0.061,1.052
0.020,-0.060,1.069
0.014,-0.063,1.079
0.011,-0.069,1.091
0.012,-0.069,1.100
0.019,-0.072,1.103
0.013,-0.071,1.100
0.010,-0.069,1.091
0.016,-0.070,1.075
0.018,-0.063,1.066
0.018,-0.055,1.054
0.026,-0.054,1.044
-0.474,-0.450,-1.120
-0.497,-0.526,-1.118
-0.505,-0.556,-1.105
-0.527,-0.597,-1.101
-0.557,-0.622,-1.092
-0.572,-0.630,-1.111
-0.604,-0.651,-1.146
-0.630,-0.673,-1.169
-0.649,-0.710,-1.215
-0.673,-0.715,-1.261
-0.702,-0.725,-1.282
-0.747,-0.730,-1.340
-0.763,-0.729,-1.365
-0.775,-0.739,-1.385
-0.805,-0.746,-1.394
-0.818,-0.736,-1.390
-0.824,-0.725,-1.366
-0.834,-0.761,-1.363
-0.824,-0.776,-1.319
-0.839,-0.770,-1.249
-0.749,-0.763,-1.239
-0.758,-0.874,-1.197
-0.630,-0.905,-1.139
-0.653,-0.927,-1.063
-0.624,-0.971,-0.961
-0.592,-1.033,-0.916
-0.567,-1.082,-0.806
-0.520,-1.084,-0.687
-0.481,-1.102,-0.639
-0.458,-1.017,-0.438
-0.514,-1.037,-0.376
-0.434,-1.185,-0.306
-0.371,-1.168,-0.278
-0.398,-1.189,-0.194
-0.420,-1.222,-0.097
-0.383,-1.269,-0.081
-0.370,-1.290,-0.105
-0.346,-1.322,-0.067
-0.312,-1.351,-0.045
-0.309,-1.392,-0.041
-0.269,-1.402,-0.021
-0.251,-1.419,-0.008
-0.238,-1.420,-0.006
-0.227,-1.444,0.000
-0.204,-1.473,0.013
-0.188,-1.485,0.021
-0.139,-1.483,0.048
-0.071,-1.480,0.063
0.093,-1.463,0.093
0.054,-1.443,0.114
0.133,-1.363,0.118
0.177,-1.257,0.129
0.257,-1.202,0.158
0.324,-1.095,0.175
0.481,-0.979,0.200
0.430,-0.914,0.214
0.538,-0.744,0.219
0.598,-0.558,0.220
0.735,-0.479,0.213
0.912,-0.326,0.212
1.009,-0.144,0.207
1.165,-0.017,0.232
1.253,0.250,0.257
1.303,0.494,0.330
1.466,0.602,0.388
1.632,0.778,0.418
1.716,0.843,0.461
1.839,1.026,0.461
1.993,1.468,0.529
1.858,1.753,0.658
1.728,2.434,0.739
1.602,3.084,0.893
1.416,3.281,1.189
1.211,3.550,1.382
1.159,3.608,1.882
1.083,3.589,2.196
0.951,3.595,3.034
0.899,3.643,3.879
0.793,3.332,4.059
0.621,2.587,4.778
0.037,2.235,5.502
-0.608,1.593,5.685
-1.114,1.070,5.427
-1.793,1.033,5.514
-2.588,0.963,4.994
-2.484,1.531,5.381
-4.106,0.708,4.694
-3.597,1.926,4.644
-2.910,2.095,4.168
-2.697,2.385,3.715
-2.364,2.212,2.695
-1.402,2.063,1.583
-0.462,1.620,1.052
-0.064,1.095,0.108
0.654,0.795,-0.530
1.249,0.336,-0.860
1.470,-0.107,-1.196
1.758,-0.165,-1.329
1.965,-0.380,-1.322
2.021,-0.632,-1.241
2.019,-0.701,-1.046
1.931,-0.719,-0.926
1.750,-0.616,-0.602
1.664,-0.486,-0.253
1.428,-0.417,0.043
1.181,-0.291,0.251
1.048,-0.216,0.526
0.753,-0.025,0.647
0.477,0.171,0.862
0.317,0.311,1.078
0.048,0.346,1.140
-0.160,0.370,1.229
-0.216,0.372,1.274
-0.271,0.369,1.266
-0.291,0.394,1.232
-0.292,0.409,1.147
-0.268,0.411,1.035
-0.185,0.406,0.977
-0.135,0.369,0.868
-0.328,-0.352,-1.352
-0.381,-0.337,-1.344
-0.424,-0.336,-1.331
-0.447,-0.329,-1.316
-0.491,-0.329,-1.309
-0.525,-0.334,-1.311
-0.560,-0.347,-1.315
-0.584,-0.353,-1.327
-0.628,-0.366,-1.331
-0.665,-0.372,-1.334
-0.676,-0.393,-1.331
-0.715,-0.402,-1.331
-0.731,-0.422,-1.326
-0.755,-0.444,-1.327
-0.770,-0.475,-1.327
-0.783,-0.485,-1.313
-0.786,-0.500,-1.306
-0.784,-0.524,-1.280
-0.805,-0.525,-1.257
-0.841,-0.509,-1.244
-0.872,-0.507,-1.194
-0.892,-0.500,-1.138
-0.911,-0.502,-1.085
-0.919,-0.526,-1.045
-0.938,-0.560,-1.025
-0.953,-0.595,-0.984
-0.954,-0.618,-0.952
-0.962,-0.624,-0.921
-0.974,-0.617,-0.907
-0.980,-0.616,-0.882
-0.972,-0.608,-0.839
-0.965,-0.594,-0.809
-0.966,-0.584,-0.795
-0.959,-0.588,-0.773
-0.936,-0.590,-0.773
-0.926,-0.580,-0.769
-0.907,-0.557,-0.762
-0.886,-0.565,-0.749
-0.876,-0.571,-0.733
-0.865,-0.596,-0.706
-0.827,-0.634,-0.698
-0.832,-0.652,-0.674
-0.831,-0.661,-0.634
-0.869,-0.704,-0.612
-0.882,-0.708,-0.582
-0.883,-0.719,-0.555
-0.892,-0.741,-0.563
-0.908,-0.790,-0.578
-0.894,-0.832,-0.585
-0.874,-0.979,-0.577
-0.826,-0.904,-0.581
-0.746,-0.955,-0.581
-0.700,-1.021,-0.566
-0.601,-1.059,-0.554
-0.501,-1.120,-0.533
-0.387,-1.169,-0.513
-0.317,-1.211,-0.450
-0.175,-1.227,-0.371
-0.040,-1.264,-0.329
0.022,-1.259,-0.243
0.123,-1.223,-0.163
0.188,-1.097,-0.121
0.230,-0.965,-0.039
0.256,-0.850,0.039
0.332,-0.781,0.095
0.424,-0.616,0.109
0.595,-0.431,0.117
0.545,-0.320,0.121
0.571,-0.054,0.123
0.582,0.243,0.144
0.592,0.386,0.205
0.624,0.671,0.249
0.666,0.854,0.385
0.783,0.915,0.534
0.999,0.876,0.600
1.244,0.817,0.750
1.323,0.782,0.838
1.437,0.820,0.904
1.458,0.965,1.037
1.471,1.058,1.196
1.433,1.217,1.240
1.393,1.398,1.297
1.314,1.478,1.319
1.234,1.649,1.358
1.187,1.787,1.387
1.086,1.838,1.424
1.006,1.942,1.614
0.936,2.059,1.852
0.784,2.086,1.990
0.606,2.051,2.318
0.498,2.013,2.704
0.256,1.865,2.905
0.129,1.636,3.271
-0.193,1.529,3.379
-0.518,1.391,3.479
-0.631,1.172,3.348
-0.897,1.061,3.182
-1.171,1.004,3.126
-1.275,0.986,2.781
-1.329,0.996,2.372
-1.376,0.961,2.151
-1.352,0.903,1.762
-1.248,0.884,1.431
-1.079,0.809,1.290
-0.959,0.689,1.064
-0.689,0.622,0.901
-0.394,0.478,0.826
-0.260,0.287,0.694
-0.006,0.285,0.647
0.213,0.171,0.583
0.321,0.124,0.578
0.499,0.042,0.591
0.647,-0.031,0.616
0.706,-0.060,0.639
0.797,-0.099,0.638
0.827,-0.104,0.609
0.842,-0.097,0.555
0.811,-0.054,0.524
0.778,-0.018,0.466
-0.566,-0.280,-1.167
-0.570,-0.277,-1.155
-0.572,-0.278,-1.147
-0.596,-0.286,-1.138
-0.613,-0.303,-1.129
-0.651,-0.310,-1.114
-0.668,-0.306,-1.098
-0.698,-0.310,-1.089
-0.734,-0.319,-1.082
-0.872,-0.321,-1.065
-0.785,-0.325,-1.046
-0.812,-0.345,-1.009
-0.816,-0.366,-0.993
-0.834,-0.391,-1.008
-0.870,-0.407,-0.980
-0.881,-0.425,-0.972
-0.891,-0.431,-0.960
-0.894,-0.463,-0.931
-0.889,-0.487,-0.892
-0.880,-0.521,-0.879
-0.884,-0.541,-0.849
-0.892,-0.538,-0.813
-0.866,-0.531,-0.786
-0.869,-0.560,-0.744
-0.868,-0.566,-0.686
-0.859,-0.551,-0.635
-0.842,-0.529,-0.609
-0.841,-0.520,-0.569
-0.834,-0.511,-0.536
-0.829,-0.486,-0.519
-0.844,-0.426,-0.474
-0.860,-0.384,-0.417
-0.892,-0.378,-0.334
-0.917,-0.395,-0.288
-0.937,-0.426,-0.203
-0.947,-0.476,-0.113
-0.984,-0.516,-0.042
-0.994,-0.581,-0.023
-0.974,-0.662,0.067
-0.958,-0.696,0.103
-1.000,-0.798,0.123
-0.948,-0.866,0.201
-0.929,-0.918,0.238
-0.916,-0.939,0.275
-0.892,-0.992,0.308
-0.889,-1.041,0.367
-0.900,-1.062,0.413
-0.897,-1.089,0.427
-0.899,-1.101,0.447
-0.898,-1.098,0.466
-0.911,-1.090,0.468
-0.943,-1.085,0.452
-0.973,-1.095,0.424
-1.019,-1.117,0.415
-1.062,-1.141,0.399
-1.067,-1.157,0.376
-1.045,-1.161,0.328
-1.002,-1.154,0.305
-0.967,-1.155,0.279
-0.876,-1.160,0.264
-0.760,-1.134,0.256
-0.626,-1.080,0.249
-0.567,-1.007,0.253
-0.456,-0.973,0.246
-0.324,-0.898,0.246
-0.252,-0.811,0.262
-0.112,-0.761,0.293
-0.005,-0.596,0.311
0.064,-0.381,0.342
0.103,-0.116,0.352
0.213,0.048,0.362
0.376,0.366,0.364
0.479,0.667,0.335
0.719,0.791,0.313
0.915,1.000,0.181
1.040,1.066,0.081
1.285,1.152,0.052
1.539,1.187,0.064
1.635,1.220,0.135
1.774,1.314,0.162
1.851,1.358,0.243
1.973,1.373,0.305
2.023,1.502,0.345
2.020,1.772,0.465
1.898,1.926,0.628
1.702,2.259,0.752
1.589,2.542,1.021
1.303,2.745,1.383
1.078,3.087,1.658
0.946,3.260,2.261
0.670,3.234,2.528
0.211,2.858,2.695
-0.080,2.701,3.188
-0.634,2.464,3.312
-1.148,2.270,3.393
-1.568,2.171,3.128
-2.171,2.134,3.007
-2.619,2.069,2.710
-2.724,2.084,2.479
-2.976,2.235,2.544
-3.072,2.250,2.545
-2.910,2.271,2.582
-2.363,2.154,2.580
-1.649,1.738,2.343
-1.264,1.471,1.980
-0.478,0.929,1.810
0.302,0.461,1.474
0.655,0.256,1.133
1.175,-0.137,0.949
1.621,-0.389,0.618
1.673,-0.486,0.335
1.829,-0.581,0.224
1.874,-0.618,0.049
1.858,-0.618,-0.068
1.760,-0.559,-0.101
1.612,-0.468,-0.134
1.522,-0.388,-0.145
1.333,-0.347,-0.126
1.142,-0.250,-0.106
-0.476,0.005,1.614
-0.160,-0.525,1.459
-0.123,-0.499,1.251
-0.059,-0.320,1.439
0.030,-0.292,1.304
-0.076,-0.358,1.195
-0.115,-0.309,1.150
-0.122,-0.286,1.170
-0.053,-0.255,1.173
-0.047,-0.235,1.159
-0.033,-0.222,1.103
-0.010,-0.144,1.081
0.024,-0.050,1.032
0.012,-0.002,0.990
0.013,-0.016,0.964
0.015,-0.038,0.965
0.022,-0.047,0.991
0.022,-0.053,1.011
0.013,-0.109,0.997
0.009,-0.140,0.990
0.008,-0.153,0.996
0.040,-0.134,1.009
0.020,-0.118,1.011
-0.016,-0.128,0.995
-0.024,-0.122,0.970
-0.021,-0.117,0.967
-0.035,-0.122,0.963
-0.027,-0.129,0.958
-0.006,-0.124,0.934
-0.020,-0.105,0.932
-0.055,-0.082,0.942
-0.057,-0.048,0.972
-0.085,-0.061,0.966
-0.043,-0.090,0.920
-0.095,-0.043,0.901
-0.127,-0.028,0.950
-0.077,-0.051,0.958
-0.019,-0.029,0.994
0.020,-0.020,0.970
-0.004,-0.004,0.951
-0.020,-0.022,0.928
-0.005,-0.048,0.938
-0.012,-0.046,0.905
-0.028,-0.049,0.886
-0.025,-0.037,0.899
-0.023,-0.027,0.937
-0.032,-0.040,0.796
-0.074,-0.082,0.828
-0.143,0.065,0.996
-0.092,0.008,1.079
0.025,-0.173,1.089
0.061,-0.128,0.922
-0.139,-0.036,1.011
0.034,-0.202,1.078
0.083,-0.179,0.801
-0.025,-0.091,0.842
-0.018,-0.107,0.909
0.102,-0.155,0.919
0.053,-0.095,1.072
-0.035,0.053,1.407
-0.187,0.018,1.511
-0.875,-0.045,1.605
-0.443,-0.317,1.363
-0.221,-0.243,0.884
-0.134,-0.027,0.944
-0.302,0.123,1.036
-0.349,-0.038,1.063
-0.237,-0.100,1.009
-0.088,-0.104,0.977
-0.054,-0.102,1.058
-0.142,-0.070,1.036
-0.214,-0.102,0.976
-0.188,-0.098,0.952
-0.168,-0.091,0.997
-0.174,-0.093,0.990
-0.162,-0.092,0.979
-0.145,-0.093,0.954
-0.154,-0.114,0.933
-0.173,-0.117,0.908
-0.194,-0.147,0.728
-0.244,-0.101,0.749
-0.266,0.071,0.819
-0.197,0.137,1.027
-0.146,0.110,1.104
-0.040,-0.010,1.099
-0.049,-0.116,1.055
-0.065,-0.109,0.999
-0.099,-0.119,0.988
-0.084,-0.140,0.994
-0.046,-0.137,1.018
-0.071,-0.134,1.074
-0.093,-0.118,1.074
-0.113,-0.124,1.067
-0.092,-0.115,1.095
-0.100,-0.079,1.090
-0.087,-0.091,1.058
-0.129,-0.077,1.069
-0.192,-0.043,1.088
-0.156,-0.069,1.070
-0.159,-0.082,1.050
-0.151,-0.071,1.047
-0.140,-0.041,1.037
-0.142,-0.020,1.033
-0.117,-0.005,1.024
-0.128,-0.030,1.018
-0.128,-0.033,1.005
-0.119,-0.012,0.998
-0.118,-0.006,0.987
-0.144,-0.010,0.962
-0.183,-0.011,0.984
-0.173,-0.009,0.986
-0.173,-0.012,0.987
-0.184,-0.007,1.023
-0.164,0.001,1.024
-0.182,0.000,1.040
-0.166,0.005,1.043
-0.147,0.011,1.024
-0.161,-0.007,1.010
-0.155,-0.012,1.015
